,0
0,4.23
1,4.66
2,4.84
3,
4,2.67
5,
6,2.22
7,
8,3.92
9,4.76
10,1.66
11,
12,
13,
14,
15,2.78
16,
17,1.48
18,
19,
20,
21,2.78
22,4.22
23,1.89
24,3.53
25,1.15
26,1.08
27,4.11
28,2.15
29,2.06
30,3.23
31,2.78
32,3.98
33,2.64
34,4.63
35,3.1
36,
37,2.6
38,3.41
39,4.33
40,2.22
41,2.78
42,
43,
44,9.16
45,10.37
46,
47,3.09
48,2.63
49,1.32
50,2.04
51,4.76
52,4.76
53,1.3
54,4.66
55,4.21
56,1.9
57,1.72
58,3.8
59,2.24
60,8.62
61,
62,1.36
63,2.04
64,3.38
65,2.36
66,2.78
67,2.04
68,3.55
69,1.48
70,1.99
71,5.51
72,2.78
73,
74,
75,2.36
76,3.05
77,2.64
78,3.89
79,5.61
80,2.85
81,4.95
82,3.48
83,6.43
84,1.86
85,1.25
86,5.01
87,3.5
88,
89,3.66
90,
91,2.06
92,1.19
93,5.54
94,6.64
95,4.26
96,3.92
97,5.33
98,3.77
99,6.09
100,3.37
101,7.4
102,5.52
103,6.11
104,2.36
105,2.82
106,
107,8.01
108,
109,
110,2.78
111,1.76
112,1.36
113,3.41
114,2.79
115,
116,
117,1.25
118,6.11
119,
120,2.25
121,5.87
122,4.03
123,1.75
124,1.9
125,3.19
126,1.9
127,9.17
128,5.49
129,
130,4.15
131,2.92
132,2.78
133,2.17
134,4.41
135,
136,4.03
137,2.95
138,2.78
139,2.36
140,2.78
141,2.31
142,2.66
143,4.76
144,2.72
145,2.36
146,4.33
147,1.36
148,3.37
149,1.36
150,4.51
151,3.09
152,5.61
153,
154,5.22
155,7.95
156,5.43
157,
158,
159,
160,3.54
161,2.36
162,2.79
163,1.67
164,3.14
165,3.85
166,2.66
167,2.86
168,4.23
169,
170,2.17
171,6.94
172,2.78
173,3.59
174,3.14
175,2.88
176,2.78
177,2.17
178,2.64
179,1.94
180,3.27
181,3.66
182,4.84
183,
184,1.19
185,5.31
186,3.19
187,
188,1.89
189,3.85
190,3.3
191,2.36
192,7.95
193,
194,5.01
195,2.36
196,1.94
197,1.69
198,5.87
199,
200,
201,1.54
202,5.18
203,2.06
204,2.78
205,2.62
206,4.68
207,1.36
208,2.11
209,4.66
210,4.76
211,6.96
212,2.04
213,4.55
214,3.77
215,
216,4.4
217,9.96
218,1.94
219,1.9
220,
221,5.84
222,4.23
223,2.36
224,
225,
226,4.66
227,2.36
228,
229,2.91
230,2.04
231,3.37
232,2.64
233,2.36
234,3.02
235,2.79
236,2.78
237,1.81
238,2.78
239,3.63
240,2.8
241,2.64
242,1.38
243,2.11
244,2.66
245,
246,7.53
247,
248,2.04
249,
250,2.04
251,2.36
252,7.45
253,2.8
254,
255,9.17
256,2.45
257,1.62
258,3.79
259,5.93
260,4.84
261,
262,9.29
263,5.93
264,
265,6.96
266,
267,
268,2.78
269,
270,4.51
271,2.36
272,2.36
273,2.09
274,1.21
275,2.36
276,3.8
277,3.86
278,6.06
279,3.48
280,4.15
281,3.36
282,1.81
283,2.78
284,5.15
285,4.39
286,5.71
287,1.94
288,4.41
289,4.4
290,4.81
291,2.78
292,2.62
293,4.58
294,7.95
295,4.15
296,2.36
297,4.26
298,8.11
299,4.85
300,
301,2.78
302,4.81
303,4.4
304,2.88
305,4.11
306,1.15
307,4.85
308,
309,3.03
310,1.7
311,
312,2.92
313,
314,2.85
315,2.11
316,2.78
317,6.89
318,7.01
319,1.25
320,3.38
321,3.55
322,
323,2.36
324,3.19
325,6.38
326,1.1
327,2.04
328,2.82
329,5.93
330,2.62
331,2.78
332,4.03
333,6.44
334,1.54
335,2.36
336,
337,2.8
338,3.16
339,4.84
340,1.81
341,3.8
342,2.15
343,2.78
344,
345,2.24
346,2.33
347,5.0
348,1.36
349,2.95
350,1.81
351,4.14
352,3.04
353,2.3
354,3.77
355,1.28
356,4.81
357,3.04
358,
359,
360,5.36
361,
362,5.73
363,2.78
364,2.06
365,2.92
366,6.35
367,2.31
368,2.78
369,2.0
370,1.36
371,
372,
373,
374,1.9
375,5.93
376,3.99
377,5.06
378,
379,1.15
380,
381,3.75
382,2.36
383,
384,
385,
386,
387,
388,
389,
390,
391,
392,
393,
394,
395,
396,
397,
398,
399,
400,
401,
402,
403,
404,
405,
406,
407,
408,
409,
410,
411,
412,
413,
414,
415,
416,
417,
418,
419,
420,
421,
422,
423,
424,
425,
426,
427,
428,
429,
430,
431,
432,
433,
434,
435,
436,
437,
438,
439,
440,
441,
442,
443,
444,
445,
446,
447,
448,
449,
450,
451,
452,
453,
454,
455,
456,
457,
458,
459,
460,
461,
462,
463,
464,
465,
466,
467,
468,
469,
470,
471,
472,
473,
474,
475,
476,
477,
478,
479,
480,
481,
482,
483,
484,
485,
486,
487,
488,
489,
490,
491,1.36
492,0.91
493,2.38
494,5.51
495,2.83
496,2.45
497,1.19
498,4.23
499,
500,3.04
501,3.05
502,1.81
503,2.62
504,5.93
505,2.06
506,3.48
507,
508,2.78
509,2.25
510,
511,6.15
512,2.36
513,5.36
514,2.97
515,2.66
516,
517,4.57
518,
519,9.01
520,
521,1.7
522,3.69
523,
524,3.66
525,2.8
526,2.11
527,3.66
528,
529,2.36
530,2.78
531,
532,4.03
533,3.77
534,
535,
536,2.22
537,2.78
538,5.87
539,6.37
540,2.78
541,2.28
542,4.33
543,
544,4.6
545,1.99
546,2.78
547,2.56
548,3.66
549,2.91
550,2.45
551,2.45
552,2.15
553,3.09
554,1.7
555,2.45
556,2.59
557,6.37
558,3.77
559,1.25
560,4.84
561,2.78
562,3.1
563,2.66
564,2.38
565,3.88
566,4.84
567,2.38
568,2.96
569,6.39
570,3.21
571,2.78
572,4.73
573,0.77
574,5.33
575,1.25
576,
577,
578,3.79
579,2.8
580,
581,
582,
583,1.94
584,5.87
585,4.44
586,4.33
587,5.93
588,3.57
589,1.25
590,5.18
591,
592,1.64
593,3.95
594,2.94
595,
596,2.04
597,2.36
598,
599,4.84
600,5.82
601,6.96
602,
603,5.22
604,3.47
605,6.55
606,2.78
607,9.64
608,6.64
609,2.64
610,4.15
611,3.16
612,2.78
613,3.36
614,4.11
615,
616,2.36
617,3.4
618,2.0
619,2.97
620,2.36
621,5.84
622,
623,0.86
624,2.04
625,2.88
626,3.21
627,1.64
628,6.64
629,2.33
630,2.78
631,2.66
632,5.88
633,3.55
634,4.41
635,2.88
636,4.16
637,1.67
638,1.9
639,3.54
640,3.66
641,6.2
642,
643,2.64
644,3.88
645,1.9
646,2.06
647,
648,
649,2.04
650,2.78
651,2.36
652,3.45
653,3.89
654,3.27
655,2.3
656,2.66
657,3.09
658,6.64
659,3.09
660,
661,2.78
662,3.21
663,2.36
664,7.33
665,1.14
666,3.66
667,5.33
668,
669,5.51
670,6.43
671,4.01
672,3.66
673,6.44
674,6.07
675,1.81
676,1.93
677,4.57
678,8.53
679,9.29
680,2.04
681,2.04
682,3.22
683,2.88
684,4.39
685,3.12
686,1.9
687,1.08
688,1.55
689,1.67
690,2.36
691,1.9
692,3.5
693,2.92
694,1.15
695,1.91
696,3.66
697,3.98
698,
699,
700,1.81
701,2.36
702,3.91
703,
704,1.94
705,
706,
707,3.71
708,3.28
709,2.36
710,1.99
711,1.94
712,2.64
713,3.97
714,0.77
715,4.33
716,2.38
717,1.15
718,1.38
719,2.36
720,1.91
721,3.2
722,3.96
723,7.01
724,2.88
725,
726,2.6
727,6.99
728,1.94
729,5.01
730,5.22
731,2.36
732,2.22
733,1.99
734,2.45
735,4.95
736,4.38
737,4.26
738,2.38
739,2.64
740,3.66
741,4.04
742,1.38
743,3.66
744,1.75
745,4.61
746,2.6
747,1.94
748,3.94
749,2.04
750,2.78
751,
752,4.15
753,3.79
754,2.36
755,2.17
756,1.94
757,2.95
758,
759,1.55
760,1.25
761,3.04
762,2.3
763,3.16
764,3.77
765,7.82
766,
767,1.68
768,
769,2.78
770,2.15
771,2.36
772,
773,8.75
774,5.85
775,2.82
776,2.11
777,5.49
778,2.86
779,
780,4.4
781,2.36
782,3.96
783,7.46
784,2.78
785,2.91
786,1.94
787,
788,2.04
789,5.47
790,
791,9.15
792,
793,2.98
794,4.86
795,1.21
796,3.23
797,9.04
798,1.25
799,3.1
800,6.44
801,2.78
802,4.76
803,3.48
804,5.47
805,2.38
806,2.78
807,4.33
808,2.85
809,2.78
810,3.04
811,5.64
812,2.15
813,6.11
814,2.78
815,6.43
816,2.66
817,6.11
818,1.86
819,0.7
820,2.36
821,1.08
822,4.61
823,7.79
824,4.03
825,2.11
826,3.3
827,6.41
828,4.01
829,2.36
830,2.36
831,2.78
832,2.78
833,3.55
834,4.68
835,
836,2.36
837,5.36
838,5.61
839,6.12
840,4.91
841,2.36
842,4.03
843,6.61
844,3.86
845,3.36
846,5.32
847,4.03
848,3.3
849,
850,
851,2.78
852,1.3
853,4.33
854,6.94
855,1.48
856,2.98
857,1.27
858,5.87
859,1.28
860,2.78
861,8.98
862,1.94
863,3.2
864,3.66
865,2.92
866,6.95
867,
868,2.24
869,4.58
870,3.77
871,2.78
872,2.91
873,3.79
874,3.36
875,5.36
876,2.04
877,3.64
878,3.36
879,
880,1.67
881,4.95
882,5.43
883,
884,1.81
885,4.12
886,2.78
887,2.78
888,5.32
889,1.94
890,2.8
891,
892,4.55
893,2.49
894,
895,2.22
896,3.94
897,6.06
898,4.31
899,3.23
900,4.38
901,3.37
902,6.9
903,4.89
904,2.95
905,4.78
906,2.11
907,6.81
908,4.04
909,2.78
910,
911,1.15
912,2.84
913,2.04
914,3.55
915,3.66
916,2.45
917,3.1
918,6.42
919,1.41
920,
921,1.83
922,4.95
923,2.78
924,6.38
925,2.15
926,2.15
927,7.06
928,3.23
929,4.95
930,1.25
931,3.05
932,3.66
933,6.42
934,3.1
935,1.36
936,2.64
937,
938,
939,1.7
940,4.41
941,2.56
942,1.62
943,4.95
944,1.75
945,3.89
946,
947,2.78
948,2.22
949,2.22
950,2.78
951,2.36
952,1.81
953,3.77
954,2.11
955,2.78
956,1.25
957,
958,
959,1.1
960,3.95
961,4.33
962,2.66
963,1.8
964,5.33
965,4.11
966,2.24
967,6.96
968,4.41
969,2.78
970,2.49
971,2.39
972,4.23
973,2.04
974,1.15
975,3.55
976,5.22
977,
978,2.04
979,4.11
980,4.92
981,2.78
982,
983,2.36
984,5.73
985,5.54
986,4.44
987,3.2
988,
989,6.2
990,2.95
991,
992,4.91
993,3.41
994,4.74
995,2.78
996,2.36
997,2.11
998,5.87
999,
1000,2.78
1001,2.45
1002,3.66
1003,5.89
1004,3.8
1005,4.84
1006,
1007,6.96
1008,
1009,1.99
1010,3.98
1011,2.88
1012,9.03
1013,2.25
1014,2.65
1015,2.59
1016,1.81
1017,3.2
1018,4.33
1019,5.2
1020,8.7
1021,5.85
1022,1.94
1023,5.24
1024,2.36
1025,4.39
1026,2.04
1027,2.11
1028,1.81
1029,3.1
1030,2.62
1031,
1032,2.92
1033,2.15
1034,
1035,3.09
1036,3.57
1037,5.7
1038,5.32
1039,
1040,2.48
1041,3.85
1042,3.16
1043,
1044,1.41
1045,2.36
1046,5.48
1047,2.78
1048,2.78
1049,5.51
1050,
1051,3.16
1052,2.09
1053,1.99
1054,1.25
1055,2.78
1056,7.82
1057,2.04
1058,2.95
1059,2.04
1060,1.25
1061,4.14
1062,9.55
1063,1.08
1064,2.36
1065,3.16
1066,8.85
1067,5.32
1068,2.04
1069,4.66
1070,4.14
1071,4.58
1072,
1073,2.82
1074,4.8
1075,
1076,3.57
1077,4.76
1078,2.15
1079,
1080,4.76
1081,
1082,
1083,
1084,2.36
1085,4.41
1086,4.33
1087,2.78
1088,2.36
1089,2.8
1090,
1091,
1092,4.68
1093,2.62
1094,
1095,3.58
1096,4.84
1097,2.04
1098,3.45
1099,2.66
1100,4.81
1101,5.49
1102,3.71
1103,1.94
1104,4.8
1105,3.49
1106,5.47
1107,
1108,1.99
1109,1.7
1110,
1111,3.3
1112,
1113,2.78
1114,3.79
1115,3.1
1116,2.17
1117,
1118,3.04
1119,
1120,3.88
1121,2.66
1122,1.9
1123,2.78
1124,6.44
1125,2.14
1126,1.7
1127,5.29
1128,2.31
1129,4.39
1130,2.78
1131,2.78
1132,3.21
1133,4.61
1134,1.38
1135,
1136,2.04
1137,1.81
1138,3.66
1139,2.59
1140,2.85
1141,5.77
1142,3.38
1143,2.78
1144,
1145,2.6
1146,
1147,2.92
1148,2.64
1149,3.8
1150,2.78
1151,2.78
1152,3.66
1153,3.85
1154,3.16
1155,2.23
1156,6.44
1157,3.77
1158,2.39
1159,2.45
1160,4.66
1161,1.25
1162,1.55
1163,3.8
1164,1.75
1165,4.39
1166,4.11
1167,8.75
1168,2.36
1169,4.11
1170,8.7
1171,2.66
1172,2.04
1173,2.78
1174,2.22
1175,3.79
1176,4.78
1177,1.62
1178,1.71
1179,2.78
1180,3.45
1181,
1182,2.36
1183,
1184,
1185,4.21
1186,3.88
1187,4.07
1188,
1189,5.51
1190,3.85
1191,2.78
1192,4.58
1193,6.43
1194,3.88
1195,
1196,2.22
1197,2.15
1198,2.33
1199,1.94
1200,2.17
1201,4.23
1202,2.78
1203,5.87
1204,3.2
1205,5.7
1206,5.01
1207,
1208,2.78
1209,2.72
1210,2.64
1211,3.66
1212,11.18
1213,3.96
1214,2.78
1215,3.89
1216,1.67
1217,5.84
1218,2.11
1219,2.36
1220,
1221,3.77
1222,1.1
1223,3.16
1224,4.91
1225,2.36
1226,4.11
1227,2.36
1228,
1229,2.65
1230,6.36
1231,2.88
1232,3.2
1233,4.01
1234,2.36
1235,
1236,4.78
1237,9.15
1238,6.96
1239,2.78
1240,2.11
1241,3.04
1242,2.36
1243,3.79
1244,3.1
1245,2.26
1246,4.84
1247,
1248,2.48
1249,2.78
1250,1.21
1251,
1252,3.8
1253,6.44
1254,2.45
1255,1.93
1256,
1257,4.01
1258,3.16
1259,2.59
1260,2.82
1261,4.61
1262,5.48
1263,2.78
1264,1.62
1265,
1266,5.14
1267,
1268,4.39
1269,2.36
1270,3.66
1271,4.03
1272,3.66
1273,5.05
1274,3.37
1275,
1276,5.2
1277,2.04
1278,5.56
1279,2.36
1280,1.83
1281,3.55
1282,2.22
1283,2.36
1284,7.46
1285,4.31
1286,7.95
1287,4.23
1288,2.78
1289,2.79
1290,
1291,2.88
1292,2.04
1293,2.78
1294,1.72
1295,5.77
1296,2.17
1297,2.04
1298,
1299,2.66
1300,1.63
1301,2.43
1302,5.49
1303,2.78
1304,3.16
1305,2.66
1306,3.57
1307,
1308,
1309,5.54
1310,2.59
1311,3.79
1312,3.88
1313,
1314,2.92
1315,2.64
1316,4.58
1317,6.29
1318,3.45
1319,8.65
1320,1.63
1321,2.64
1322,3.37
1323,
1324,1.67
1325,6.94
1326,
1327,1.9
1328,2.04
1329,4.56
1330,1.81
1331,
1332,2.45
1333,5.46
1334,4.33
1335,2.78
1336,
1337,2.66
1338,1.81
1339,2.78
1340,6.64
1341,6.81
1342,2.78
1343,5.48
1344,
1345,2.38
1346,6.95
1347,2.26
1348,2.64
1349,1.89
1350,4.61
1351,1.15
1352,3.63
1353,1.89
1354,2.95
1355,2.38
1356,1.62
1357,2.45
1358,1.36
1359,7.66
1360,2.09
1361,6.09
1362,2.97
1363,2.78
1364,2.78
1365,1.7
1366,
1367,1.15
1368,
1369,2.48
1370,4.57
1371,4.33
1372,1.25
1373,2.78
1374,3.16
1375,2.0
1376,3.09
1377,1.75
1378,2.6
1379,2.78
1380,6.46
1381,4.91
1382,1.07
1383,
1384,7.35
1385,6.64
1386,2.72
1387,3.64
1388,2.04
1389,3.1
1390,3.63
1391,4.41
1392,4.95
1393,2.36
1394,2.66
1395,2.36
1396,5.14
1397,6.42
1398,3.8
1399,3.48
1400,4.01
1401,7.63
1402,3.66
1403,2.78
1404,2.78
1405,2.8
1406,2.14
1407,
1408,2.22
1409,2.11
1410,3.3
1411,4.84
1412,2.24
1413,3.2
1414,3.88
1415,2.82
1416,3.66
1417,
1418,3.19
1419,
1420,1.89
1421,7.38
1422,5.84
1423,
1424,2.36
1425,3.38
1426,2.78
1427,3.02
1428,10.0
1429,2.6
1430,3.78
1431,2.78
1432,3.57
1433,1.7
1434,7.33
1435,3.36
1436,4.76
1437,5.01
1438,1.83
1439,4.33
1440,2.38
1441,1.7
1442,4.07
1443,2.78
1444,7.33
1445,2.78
1446,2.78
1447,1.94
1448,2.45
1449,2.3
1450,4.41
1451,1.08
1452,2.68
1453,1.81
1454,
1455,2.04
1456,2.17
1457,
1458,1.99
1459,
1460,
1461,4.22
1462,2.36
1463,
1464,5.13
1465,1.69
1466,3.71
1467,2.66
1468,5.32
1469,1.9
1470,4.85
1471,2.04
1472,4.38
1473,7.46
1474,9.96
1475,
1476,7.33
1477,5.0
1478,2.36
1479,2.04
1480,2.95
1481,1.36
1482,3.1
1483,1.08
1484,4.41
1485,1.19
1486,2.78
1487,5.08
1488,3.57
1489,3.09
1490,1.81
1491,
1492,2.64
1493,2.45
1494,5.0
1495,3.66
1496,2.24
1497,3.8
1498,2.09
1499,2.31
1500,2.78
1501,
1502,5.71
1503,
1504,3.16
1505,9.15
1506,5.71
1507,2.66
1508,2.64
1509,7.83
1510,
1511,2.92
1512,7.13
1513,2.36
1514,2.28
1515,2.48
1516,5.88
1517,2.33
1518,
1519,4.11
1520,4.26
1521,2.78
1522,4.31
1523,9.15
1524,2.6
1525,3.31
1526,2.48
1527,1.36
1528,3.09
1529,3.36
1530,6.92
1531,2.78
1532,5.49
1533,4.55
1534,4.41
1535,
1536,3.37
1537,1.08
1538,5.61
1539,1.25
1540,3.66
1541,2.64
1542,2.64
1543,4.01
1544,2.11
1545,6.58
1546,
1547,3.8
1548,9.04
1549,4.76
1550,4.26
1551,4.62
1552,2.78
1553,3.63
1554,2.6
1555,3.66
1556,2.36
1557,2.0
1558,4.8
1559,
1560,2.36
1561,2.56
1562,5.07
1563,2.78
1564,4.39
1565,5.01
1566,1.25
1567,4.41
1568,
1569,2.81
1570,1.42
1571,3.66
1572,4.56
1573,2.78
1574,5.18
1575,2.36
1576,
1577,2.36
1578,3.16
1579,1.7
1580,2.66
1581,3.5
1582,
1583,2.06
1584,1.94
1585,1.99
1586,1.19
1587,2.0
1588,3.21
1589,4.42
1590,2.78
1591,5.71
1592,
1593,
1594,4.55
1595,3.66
1596,
1597,2.09
1598,3.69
1599,6.43
1600,2.36
1601,2.36
1602,4.45
1603,
1604,2.82
1605,2.49
1606,1.81
1607,2.88
1608,2.45
1609,2.36
1610,3.55
1611,1.3
1612,3.57
1613,2.78
1614,
1615,3.36
1616,
1617,5.61
1618,2.04
1619,6.96
1620,1.64
1621,2.78
1622,5.54
1623,2.78
1624,2.17
1625,2.78
1626,2.78
1627,2.78
1628,
1629,10.31
1630,
1631,5.33
1632,5.18
1633,2.62
1634,1.59
1635,2.78
1636,2.48
1637,3.47
1638,3.3
1639,7.82
1640,5.87
1641,1.84
1642,1.9
1643,2.15
1644,1.94
1645,2.36
1646,1.34
1647,4.33
1648,3.4
1649,4.33
1650,3.66
1651,1.58
1652,3.09
1653,5.01
1654,1.06
1655,1.67
1656,2.56
1657,5.26
1658,3.14
1659,1.84
1660,3.5
1661,3.96
1662,2.31
1663,2.72
1664,2.04
1665,4.58
1666,1.67
1667,2.92
1668,5.93
1669,
1670,3.3
1671,1.25
1672,1.76
1673,1.15
1674,
1675,2.36
1676,2.15
1677,2.71
1678,
1679,5.13
1680,1.94
1681,3.19
1682,2.91
1683,5.68
1684,4.41
1685,2.96
1686,2.66
1687,
1688,5.0
1689,3.79
1690,5.9
1691,5.2
1692,1.94
1693,5.54
1694,5.04
1695,
1696,4.15
1697,2.48
1698,2.04
1699,
1700,2.78
1701,1.91
1702,5.57
1703,5.87
1704,5.48
1705,
1706,3.3
1707,
1708,5.14
1709,2.04
1710,
1711,2.46
1712,1.94
1713,
1714,2.22
1715,3.96
1716,2.38
1717,
1718,2.62
1719,4.41
1720,3.27
1721,2.24
1722,2.22
1723,5.87
1724,3.16
1725,2.6
1726,2.78
1727,2.78
1728,1.7
1729,2.11
1730,5.48
1731,2.59
1732,5.2
1733,4.15
1734,2.52
1735,2.78
1736,2.65
1737,3.62
1738,2.36
1739,
1740,1.03
1741,
1742,6.09
1743,4.44
1744,4.41
1745,2.92
1746,2.24
1747,2.64
1748,
1749,3.66
1750,2.46
1751,
1752,
1753,
1754,
1755,
1756,
1757,
1758,
1759,
1760,
1761,
1762,
1763,
1764,
1765,
1766,
1767,
1768,
1769,
1770,
1771,
1772,
1773,
1774,
1775,
1776,
1777,
1778,
1779,
1780,
1781,
1782,
1783,
1784,
1785,
1786,
1787,
1788,
1789,
1790,
1791,
1792,
1793,
1794,
1795,
1796,
1797,
1798,
1799,2.48
1800,4.84
1801,7.53
1802,1.62
1803,
1804,4.41
1805,5.88
1806,4.23
1807,3.16
1808,2.46
1809,
1810,4.4
1811,4.76
1812,2.62
1813,2.38
1814,4.76
1815,
1816,1.92
1817,4.51
1818,1.07
1819,2.78
1820,2.78
1821,4.41
1822,2.88
1823,2.25
1824,1.64
1825,
1826,3.63
1827,
1828,1.94
1829,3.96
1830,6.43
1831,4.14
1832,3.46
1833,2.93
1834,
1835,2.66
1836,4.33
1837,4.44
1838,4.26
1839,8.62
1840,
1841,
1842,2.36
1843,4.33
1844,4.41
1845,1.99
1846,
1847,3.1
1848,
1849,2.78
1850,1.1
1851,3.05
1852,6.42
1853,4.61
1854,4.23
1855,2.97
1856,1.94
1857,2.17
1858,2.97
1859,2.46
1860,
1861,4.84
1862,2.78
1863,1.72
1864,1.08
1865,0.86
1866,1.25
1867,3.8
1868,
1869,4.41
1870,4.33
1871,4.11
1872,2.17
1873,
1874,2.51
1875,2.28
1876,
1877,4.57
1878,3.63
1879,1.89
1880,4.41
1881,
1882,7.74
1883,1.25
1884,2.04
1885,1.99
1886,4.39
1887,1.15
1888,4.15
1889,2.36
1890,1.69
1891,2.91
1892,3.36
1893,6.64
1894,1.55
1895,1.7
1896,3.66
1897,3.27
1898,2.78
1899,3.2
1900,1.15
1901,2.24
1902,2.15
1903,4.39
1904,
1905,2.04
1906,3.92
1907,2.78
1908,2.97
1909,1.81
1910,8.53
1911,
1912,
1913,
1914,4.58
1915,
1916,2.82
1917,8.7
1918,1.94
1919,3.71
1920,6.95
1921,6.96
1922,3.2
1923,1.69
1924,9.41
1925,2.81
1926,3.79
1927,3.21
1928,2.66
1929,4.11
1930,1.37
1931,5.49
1932,3.27
1933,2.42
1934,
1935,3.8
1936,
1937,3.69
1938,
1939,3.66
1940,6.64
1941,2.6
1942,2.78
1943,1.69
1944,4.33
1945,2.45
1946,1.55
1947,1.94
1948,
1949,2.92
1950,2.36
1951,2.72
1952,1.9
1953,2.22
1954,
1955,5.84
1956,2.36
1957,4.26
1958,2.64
1959,
1960,4.73
1961,2.78
1962,1.94
1963,2.78
1964,
1965,
1966,2.93
1967,5.2
1968,
1969,2.15
1970,3.21
1971,
1972,
1973,2.38
1974,
1975,
1976,1.94
1977,3.19
1978,2.36
1979,2.45
1980,1.7
1981,5.32
1982,2.64
1983,3.66
1984,4.44
1985,3.31
1986,1.81
1987,3.1
1988,1.62
1989,2.11
1990,
1991,
1992,3.4
1993,
1994,5.01
1995,3.66
1996,2.06
1997,2.66
1998,2.64
1999,
2000,2.78
2001,
2002,3.22
2003,3.09
2004,1.84
2005,3.36
2006,
2007,1.84
2008,2.78
2009,2.11
2010,4.57
2011,2.64
2012,2.95
2013,2.04
2014,3.45
2015,5.49
2016,5.0
2017,7.45
2018,2.64
2019,2.78
2020,4.23
2021,3.2
2022,5.33
2023,1.94
2024,1.3
2025,4.33
2026,
2027,4.39
2028,1.36
2029,3.3
2030,1.81
2031,5.22
2032,2.6
2033,3.36
2034,2.36
2035,2.78
2036,3.28
2037,
2038,
2039,1.25
2040,2.11
2041,4.91
2042,6.7
2043,3.8
2044,4.33
2045,4.12
2046,
2047,3.19
2048,2.72
2049,3.8
2050,7.33
2051,
2052,
2053,
2054,2.38
2055,2.04
2056,1.25
2057,
2058,
2059,1.67
2060,2.36
2061,
2062,6.7
2063,2.84
2064,3.1
2065,2.78
2066,
2067,3.44
2068,
2069,1.69
2070,3.78
2071,4.57
2072,6.64
2073,3.38
2074,2.17
2075,4.57
2076,2.78
2077,4.23
2078,1.81
2079,3.36
2080,6.28
2081,1.9
2082,3.16
2083,6.43
2084,
2085,2.78
2086,2.64
2087,2.78
2088,2.04
2089,4.61
2090,
2091,2.04
2092,3.66
2093,
2094,1.7
2095,2.78
2096,2.06
2097,5.22
2098,
2099,6.58
2100,5.85
2101,3.69
2102,3.09
2103,
2104,
2105,2.85
2106,
2107,4.03
2108,2.68
2109,3.04
2110,2.36
2111,2.79
2112,3.89
2113,2.78
2114,9.16
2115,2.45
2116,
2117,3.66
2118,2.92
2119,4.84
2120,2.78
2121,4.76
2122,
2123,0.81
2124,2.72
2125,
2126,4.74
2127,2.17
2128,1.76
2129,4.8
2130,3.47
2131,2.68
2132,6.94
2133,3.1
2134,1.07
2135,2.28
2136,2.6
2137,4.92
2138,1.99
2139,3.55
2140,3.27
2141,4.58
2142,2.36
2143,4.41
2144,
2145,4.33
2146,4.51
2147,
2148,2.78
2149,1.9
2150,
2151,1.81
2152,4.76
2153,2.04
2154,1.25
2155,5.54
2156,1.38
2157,7.01
2158,6.64
2159,1.81
2160,
2161,3.66
2162,
2163,5.87
2164,1.94
2165,7.45
2166,2.36
2167,
2168,2.85
2169,5.0
2170,4.01
2171,2.92
2172,10.43
2173,4.26
2174,4.23
2175,2.56
2176,2.36
2177,6.07
2178,1.81
2179,6.87
2180,3.8
2181,4.21
2182,2.46
2183,2.49
2184,6.9
2185,5.5
2186,1.13
2187,3.46
2188,2.36
2189,3.17
2190,2.11
2191,2.31
2192,2.92
2193,2.48
2194,3.1
2195,2.66
2196,2.11
2197,
2198,
2199,2.36
2200,2.39
2201,2.48
2202,3.1
2203,2.66
2204,
2205,2.78
2206,1.25
2207,
2208,9.15
2209,
2210,4.44
2211,2.65
2212,3.14
2213,5.01
2214,1.9
2215,
2216,4.15
2217,
2218,3.85
2219,2.36
2220,2.48
2221,3.37
2222,3.2
2223,3.85
2224,4.57
2225,2.78
2226,
2227,3.8
2228,
2229,
2230,3.57
2231,3.36
2232,
2233,5.66
2234,2.24
2235,1.9
2236,3.16
2237,3.66
2238,2.15
2239,3.19
2240,1.81
2241,5.93
2242,4.11
2243,4.76
2244,2.24
2245,2.78
2246,2.39
2247,2.78
2248,4.33
2249,5.14
2250,2.78
2251,
2252,
2253,1.69
2254,
2255,1.28
2256,5.87
2257,2.22
2258,4.23
2259,3.14
2260,2.36
2261,3.97
2262,2.93
2263,1.67
2264,6.64
2265,
2266,2.88
2267,2.1
2268,3.63
2269,1.92
2270,7.72
2271,1.81
2272,4.23
2273,2.33
2274,3.66
2275,
2276,4.95
2277,2.78
2278,0.77
2279,3.2
2280,
2281,4.11
2282,3.79
2283,5.13
2284,2.78
2285,2.36
2286,2.33
2287,2.22
2288,3.77
2289,
2290,2.06
2291,2.04
2292,2.36
2293,3.98
2294,9.05
2295,2.83
2296,3.14
2297,2.22
2298,3.88
2299,5.54
2300,2.57
2301,
2302,1.45
2303,2.78
2304,1.94
2305,
2306,2.78
2307,2.36
2308,2.36
2309,1.75
2310,3.1
2311,1.7
2312,2.64
2313,2.42
2314,2.09
2315,3.11
2316,4.76
2317,10.09
2318,4.61
2319,2.95
2320,2.78
2321,1.7
2322,3.23
2323,5.48
2324,2.66
2325,3.03
2326,2.28
2327,
2328,1.84
2329,4.81
2330,2.11
2331,4.38
2332,4.48
2333,3.1
2334,
2335,4.45
2336,2.22
2337,3.66
2338,2.78
2339,3.66
2340,4.33
2341,5.06
2342,5.18
2343,2.36
2344,4.84
2345,7.99
2346,2.66
2347,4.76
2348,7.4
2349,2.78
2350,1.81
2351,3.05
2352,2.78
2353,2.11
2354,4.66
2355,4.23
2356,3.59
2357,
2358,2.04
2359,1.9
2360,1.7
2361,
2362,1.1
2363,2.36
2364,9.17
2365,4.11
2366,2.78
2367,2.36
2368,2.78
2369,4.33
2370,7.82
2371,4.31
2372,
2373,2.11
2374,1.1
2375,3.41
2376,4.41
2377,2.76
2378,8.72
2379,2.45
2380,6.42
2381,1.08
2382,1.08
2383,1.62
2384,5.54
2385,6.09
2386,2.72
2387,2.78
2388,4.63
2389,3.97
2390,2.79
2391,1.94
2392,
2393,2.95
2394,2.36
2395,3.8
2396,2.11
2397,1.36
2398,1.99
2399,3.19
2400,2.31
2401,3.07
2402,3.36
2403,5.0
2404,2.42
2405,3.19
2406,
2407,
2408,3.3
2409,2.36
2410,3.16
2411,2.39
2412,
2413,4.11
2414,5.84
2415,2.82
2416,4.41
2417,0.81
2418,2.78
2419,1.25
2420,1.7
2421,4.01
2422,4.58
2423,
2424,2.92
2425,3.0
2426,4.35
2427,3.89
2428,4.68
2429,2.85
2430,3.78
2431,
2432,3.41
2433,2.66
2434,3.48
2435,2.0
2436,1.94
2437,
2438,2.59
2439,1.9
2440,
2441,0.69
2442,1.89
2443,3.17
2444,2.92
2445,2.72
2446,4.32
2447,3.57
2448,
2449,
2450,3.62
2451,9.16
2452,2.6
2453,7.95
2454,4.58
2455,1.38
2456,
2457,1.2
2458,1.18
2459,3.94
2460,4.91
2461,
2462,2.68
2463,2.36
2464,2.46
2465,1.09
2466,3.71
2467,2.39
2468,3.55
2469,2.04
2470,2.36
2471,1.97
2472,
2473,
2474,3.1
2475,2.66
2476,1.08
2477,5.51
2478,7.63
2479,4.38
2480,2.79
2481,2.11
2482,3.77
2483,1.36
2484,10.45
2485,
2486,2.45
2487,2.33
2488,
2489,7.46
2490,2.09
2491,2.48
2492,1.25
2493,4.55
2494,2.8
2495,5.84
2496,2.78
2497,
2498,1.15
2499,2.6
2500,2.78
2501,4.8
2502,2.91
2503,
2504,3.16
2505,8.27
2506,2.88
2507,3.62
2508,2.78
2509,
2510,
2511,
2512,2.11
2513,6.41
2514,2.48
2515,2.46
2516,2.36
2517,2.33
2518,2.66
2519,2.25
2520,1.14
2521,
2522,6.91
2523,2.36
2524,1.14
2525,
2526,2.11
2527,2.71
2528,1.28
2529,3.89
2530,
2531,2.09
2532,2.06
2533,
2534,2.88
2535,2.17
2536,2.92
2537,2.64
2538,
2539,1.94
2540,3.79
2541,5.82
2542,1.89
2543,
2544,2.79
2545,
2546,2.78
2547,3.22
2548,3.91
2549,3.19
2550,2.78
2551,3.66
2552,2.17
2553,2.06
2554,4.12
2555,2.15
2556,3.16
2557,
2558,1.55
2559,1.89
2560,2.78
2561,2.22
2562,4.75
2563,3.89
2564,1.25
2565,2.78
2566,3.05
2567,
2568,2.92
2569,
2570,2.36
2571,
2572,3.3
2573,1.94
2574,4.03
2575,2.72
2576,2.92
2577,
2578,1.15
2579,2.36
2580,1.25
2581,
2582,2.78
2583,2.78
2584,1.36
2585,2.36
2586,2.92
2587,6.86
2588,9.17
2589,
2590,3.66
2591,0.7
2592,3.16
2593,
2594,
2595,2.84
2596,1.15
2597,3.03
2598,5.54
2599,
2600,2.78
2601,
2602,3.78
2603,
2604,1.13
2605,
2606,1.94
2607,
2608,3.31
2609,3.3
2610,8.14
2611,1.63
2612,2.78
2613,3.66
2614,3.31
2615,2.92
2616,3.36
2617,
2618,5.41
2619,2.36
2620,
2621,4.36
2622,5.3
2623,6.44
2624,3.23
2625,2.48
2626,3.89
2627,1.63
2628,
2629,
2630,2.56
2631,4.68
2632,1.08
2633,3.2
2634,3.63
2635,1.15
2636,
2637,3.4
2638,7.82
2639,2.78
2640,4.76
2641,
2642,
2643,2.6
2644,
2645,2.15
2646,2.78
2647,2.78
2648,1.9
2649,2.04
2650,
2651,3.04
2652,1.85
2653,1.57
2654,0.77
2655,2.91
2656,
2657,9.15
2658,3.48
2659,2.72
2660,1.19
2661,4.21
2662,3.98
2663,1.19
2664,4.33
2665,5.87
2666,3.77
2667,1.89
2668,2.11
2669,2.64
2670,3.31
2671,3.16
2672,3.37
2673,8.65
2674,5.2
2675,2.78
2676,3.55
2677,3.66
2678,3.19
2679,1.68
2680,3.66
2681,1.89
2682,2.25
2683,2.79
2684,8.08
2685,
2686,3.16
2687,2.78
2688,1.94
2689,1.08
2690,3.96
2691,5.0
2692,2.06
2693,4.33
2694,2.36
2695,2.78
2696,2.36
2697,3.66
2698,2.36
2699,7.72
2700,3.66
2701,2.36
2702,1.84
2703,1.89
2704,1.38
2705,3.66
2706,1.25
2707,1.25
2708,6.42
2709,4.56
2710,
2711,5.82
2712,3.4
2713,
2714,2.78
2715,
2716,4.21
2717,2.36
2718,5.29
2719,5.94
2720,3.45
2721,5.51
2722,
2723,3.1
2724,
2725,5.22
2726,6.37
2727,2.6
2728,6.71
2729,2.78
2730,3.66
2731,4.01
2732,4.68
2733,1.34
2734,6.35
2735,4.31
2736,2.28
2737,
2738,1.21
2739,
2740,10.58
2741,1.15
2742,
2743,5.87
2744,2.24
2745,
2746,3.16
2747,7.99
2748,6.89
2749,5.13
2750,3.5
2751,4.26
2752,
2753,1.08
2754,2.66
2755,4.84
2756,2.31
2757,5.7
2758,1.55
2759,2.36
2760,4.58
2761,7.33
2762,
2763,2.78
2764,3.19
2765,2.48
2766,7.21
2767,3.48
2768,3.66
2769,2.78
2770,3.16
2771,4.84
2772,
2773,3.47
2774,5.54
2775,4.58
2776,
2777,3.14
2778,3.49
2779,1.81
2780,2.78
2781,2.46
2782,2.46
2783,2.36
2784,1.45
2785,3.62
2786,3.19
2787,2.96
2788,3.89
2789,6.9
2790,2.48
2791,2.49
2792,
2793,
2794,2.38
2795,2.04
2796,2.45
2797,
2798,1.75
2799,2.07
2800,9.04
2801,3.33
2802,2.64
2803,3.14
2804,1.84
2805,2.98
2806,
2807,3.66
2808,4.33
2809,2.95
2810,2.85
2811,1.9
2812,2.92
2813,2.36
2814,2.78
2815,
2816,4.84
2817,3.66
2818,3.12
2819,10.21
2820,3.5
2821,2.48
2822,3.2
2823,5.22
2824,2.48
2825,2.22
2826,7.06
2827,4.04
2828,3.86
2829,2.45
2830,
2831,3.23
2832,4.84
2833,4.38
2834,2.28
2835,2.25
2836,3.71
2837,2.27
2838,9.55
2839,3.63
2840,2.78
2841,2.66
2842,3.36
2843,6.28
2844,4.38
2845,3.48
2846,2.17
2847,4.23
2848,2.78
2849,2.95
2850,4.62
2851,4.95
2852,3.3
2853,2.78
2854,2.11
2855,3.55
2856,3.3
2857,2.79
2858,2.78
2859,5.34
2860,3.14
2861,2.78
2862,2.31
2863,1.69
2864,4.57
2865,
2866,6.37
2867,1.9
2868,3.48
2869,3.05
2870,4.51
2871,2.11
2872,2.85
2873,3.55
2874,2.36
2875,1.72
2876,2.04
2877,4.81
2878,2.64
2879,2.36
2880,2.36
2881,2.04
2882,5.65
2883,2.91
2884,4.92
2885,1.25
2886,6.42
2887,2.6
2888,1.89
2889,
2890,2.78
2891,
2892,4.4
2893,3.69
2894,2.58
2895,
2896,2.36
2897,3.04
2898,3.85
2899,4.01
2900,2.91
2901,4.4
2902,
2903,5.0
2904,2.11
2905,2.17
2906,3.34
2907,2.66
2908,4.81
2909,1.89
2910,3.2
2911,2.38
2912,
2913,4.15
2914,3.19
2915,2.11
2916,3.66
2917,4.23
2918,3.54
2919,4.33
2920,
2921,1.7
2922,4.01
2923,4.33
2924,2.59
2925,
2926,3.1
2927,3.66
2928,4.04
2929,3.36
2930,
2931,2.36
2932,3.1
2933,2.64
2934,2.78
2935,3.2
2936,5.22
2937,1.77
2938,2.25
2939,
2940,1.69
2941,
2942,4.66
2943,1.19
2944,2.31
2945,2.92
2946,2.78
2947,2.98
2948,1.62
2949,
2950,5.01
2951,2.78
2952,4.85
2953,6.96
2954,
2955,3.77
2956,
2957,
2958,3.2
2959,2.11
2960,
2961,3.34
2962,8.62
2963,3.3
2964,
2965,2.48
2966,6.81
2967,1.9
2968,8.06
2969,3.89
2970,2.64
2971,5.29
2972,2.91
2973,2.11
2974,2.78
2975,2.66
2976,5.22
2977,3.47
2978,3.98
2979,5.87
2980,3.79
2981,7.13
2982,2.78
2983,7.82
2984,5.18
2985,5.93
2986,2.46
2987,5.0
2988,3.48
2989,9.17
2990,2.24
2991,2.98
2992,4.76
2993,2.78
2994,3.1
2995,1.99
2996,3.4
2997,4.33
2998,1.89
2999,2.69
3000,3.16
3001,2.66
3002,2.78
3003,2.64
3004,3.41
3005,5.0
3006,2.45
3007,2.15
3008,4.57
3009,5.71
3010,
3011,5.15
3012,
3013,2.11
3014,2.78
3015,5.2
3016,3.1
3017,2.36
3018,1.7
3019,4.41
3020,4.33
3021,2.78
3022,4.6
3023,4.15
3024,2.36
3025,4.69
3026,3.36
3027,4.38
3028,3.09
3029,
3030,
3031,2.45
3032,4.11
3033,3.55
3034,2.78
3035,2.78
3036,13.33
3037,
3038,
3039,2.78
3040,1.21
3041,3.96
3042,
3043,3.79
3044,4.76
3045,2.06
3046,4.66
3047,1.15
3048,5.0
3049,
3050,4.11
3051,2.04
3052,2.36
3053,2.98
3054,2.28
3055,3.45
3056,2.66
3057,2.36
3058,3.97
3059,2.24
3060,1.9
3061,
3062,1.94
3063,3.85
3064,6.11
3065,2.88
3066,2.17
3067,3.09
3068,2.57
3069,2.64
3070,4.04
3071,2.31
3072,2.78
3073,5.93
3074,2.78
3075,1.94
3076,3.37
3077,1.7
3078,
3079,2.36
3080,2.45
3081,8.27
3082,4.58
3083,
3084,3.8
3085,2.97
3086,2.88
3087,5.68
3088,
3089,1.08
3090,3.14
3091,2.78
3092,2.09
3093,2.11
3094,
3095,2.11
3096,2.93
3097,2.22
3098,2.92
3099,3.95
3100,4.55
3101,5.48
3102,
3103,5.0
3104,3.55
3105,2.07
3106,2.36
3107,5.7
3108,
3109,3.57
3110,3.57
3111,2.59
3112,2.36
3113,5.48
3114,
3115,4.12
3116,3.16
3117,2.07
3118,
3119,2.48
3120,2.78
3121,2.17
3122,
3123,3.09
3124,3.1
3125,
3126,5.23
3127,2.11
3128,2.66
3129,5.87
3130,1.76
3131,4.41
3132,2.68
3133,2.38
3134,3.5
3135,1.93
3136,3.8
3137,2.78
3138,2.36
3139,4.76
3140,2.15
3141,2.38
3142,3.38
3143,3.05
3144,3.88
3145,
3146,5.61
3147,4.23
3148,1.81
3149,7.4
3150,6.58
3151,4.35
3152,
3153,2.28
3154,1.9
3155,2.78
3156,4.91
3157,2.78
3158,2.78
3159,2.36
3160,4.14
3161,1.7
3162,3.27
3163,2.59
3164,1.15
3165,2.33
3166,1.76
3167,2.28
3168,4.48
3169,2.78
3170,0.88
3171,6.64
3172,
3173,6.2
3174,3.8
3175,2.36
3176,2.78
3177,4.92
3178,4.51
3179,4.84
3180,2.45
3181,5.97
3182,6.43
3183,3.59
3184,
3185,5.01
3186,1.27
3187,5.43
3188,4.61
3189,2.85
3190,1.25
3191,1.81
3192,
3193,2.36
3194,8.27
3195,4.33
3196,4.91
3197,2.78
3198,5.18
3199,2.46
3200,4.31
3201,2.88
3202,2.57
3203,
3204,3.2
3205,1.69
3206,
3207,2.78
3208,
3209,4.04
3210,6.43
3211,3.79
3212,1.38
3213,1.81
3214,2.85
3215,3.62
3216,3.2
3217,
3218,1.75
3219,
3220,3.09
3221,7.45
3222,2.0
3223,2.24
3224,2.78
3225,2.78
3226,
3227,
3228,
3229,6.35
3230,5.36
3231,2.78
3232,6.44
3233,5.48
3234,5.51
3235,2.78
3236,3.3
3237,
3238,2.66
3239,5.97
3240,
3241,5.0
3242,1.99
3243,3.88
3244,1.55
3245,1.93
3246,8.24
3247,2.22
3248,5.29
3249,
3250,2.56
3251,1.99
3252,1.89
3253,3.03
3254,1.7
3255,7.06
3256,2.91
3257,4.03
3258,1.91
3259,2.36
3260,5.57
3261,5.93
3262,2.24
3263,
3264,2.95
3265,2.79
3266,5.54
3267,3.57
3268,
3269,7.53
3270,
3271,3.66
3272,2.78
3273,3.88
3274,2.11
3275,3.63
3276,5.84
3277,2.78
3278,5.55
3279,2.78
3280,3.66
3281,3.66
3282,2.48
3283,2.11
3284,4.33
3285,4.4
3286,
3287,2.78
3288,3.16
3289,8.7
3290,3.48
3291,3.34
3292,8.08
3293,5.73
3294,1.94
3295,6.37
3296,8.7
3297,4.33
3298,9.9
3299,4.95
3300,2.59
3301,2.78
3302,2.78
3303,1.81
3304,3.62
3305,
3306,2.78
3307,5.0
3308,4.03
3309,7.89
3310,2.64
3311,9.12
3312,4.61
3313,
3314,2.95
3315,
3316,2.88
3317,
3318,2.04
3319,3.27
3320,3.55
3321,3.3
3322,8.85
3323,1.84
3324,6.07
3325,3.36
3326,2.78
3327,2.78
3328,3.8
3329,1.89
3330,4.11
3331,1.36
3332,1.21
3333,1.94
3334,1.25
3335,2.04
3336,3.96
3337,1.9
3338,2.31
3339,2.78
3340,3.89
3341,4.66
3342,
3343,1.99
3344,2.36
3345,2.36
3346,3.66
3347,4.95
3348,2.92
3349,
3350,2.04
3351,2.78
3352,2.64
3353,2.28
3354,7.36
3355,2.11
3356,2.04
3357,1.83
3358,2.49
3359,2.45
3360,5.7
3361,
3362,7.9
3363,2.66
3364,9.29
3365,1.81
3366,1.9
3367,
3368,2.64
3369,6.89
3370,2.95
3371,4.38
3372,1.27
3373,1.25
3374,2.22
3375,1.15
3376,
3377,1.9
3378,1.83
3379,2.96
3380,2.78
3381,3.36
3382,2.36
3383,1.81
3384,4.91
3385,2.36
3386,1.93
3387,4.33
3388,2.04
3389,2.33
3390,4.03
3391,3.66
3392,2.11
3393,2.57
3394,4.22
3395,4.31
3396,2.09
3397,4.31
3398,2.36
3399,2.29
3400,3.71
3401,1.28
3402,3.66
3403,5.91
3404,2.68
3405,3.98
3406,8.01
3407,2.62
3408,4.31
3409,2.24
3410,1.81
3411,6.44
3412,3.36
3413,1.14
3414,3.45
3415,2.04
3416,5.2
3417,6.45
3418,2.11
3419,5.0
3420,4.33
3421,4.03
3422,4.26
3423,4.57
3424,4.39
3425,3.63
3426,6.55
3427,2.85
3428,6.81
3429,3.69
3430,5.61
3431,4.14
3432,0.69
3433,3.36
3434,3.3
3435,4.33
3436,3.69
3437,3.1
3438,2.22
3439,4.33
3440,7.72
3441,2.88
3442,6.95
3443,5.85
3444,2.22
3445,8.96
3446,1.15
3447,2.78
3448,3.1
3449,3.2
3450,2.83
3451,5.33
3452,4.03
3453,4.68
3454,4.57
3455,2.83
3456,6.95
3457,
3458,4.39
3459,3.54
3460,1.19
3461,3.03
3462,2.09
3463,2.78
3464,2.36
3465,1.28
3466,2.22
3467,3.1
3468,3.34
3469,2.59
3470,2.36
3471,1.94
3472,
3473,1.25
3474,1.15
3475,3.8
3476,2.36
3477,1.81
3478,4.33
3479,4.66
3480,3.96
3481,3.48
3482,3.1
3483,
3484,4.38
3485,3.66
3486,3.22
3487,7.33
3488,2.78
3489,3.54
3490,5.87
3491,
3492,3.66
3493,5.29
3494,3.16
3495,4.61
3496,5.64
3497,3.03
3498,5.32
3499,2.11
3500,1.89
3501,2.36
3502,1.81
3503,2.36
3504,3.79
3505,4.89
3506,2.95
3507,1.48
3508,8.96
3509,2.72
3510,3.75
3511,3.85
3512,6.64
3513,1.27
3514,2.78
3515,
3516,5.18
3517,4.38
3518,2.22
3519,2.45
3520,2.45
3521,3.2
3522,1.72
3523,1.19
3524,2.04
3525,3.17
3526,3.8
3527,1.97
3528,
3529,
3530,2.95
3531,5.93
3532,2.36
3533,6.64
3534,5.26
3535,1.9
3536,3.16
3537,3.36
3538,4.91
3539,4.57
3540,3.2
3541,6.58
3542,
3543,4.03
3544,
3545,2.78
3546,2.38
3547,2.78
3548,4.11
3549,1.7
3550,2.48
3551,2.38
3552,
3553,4.03
3554,3.41
3555,4.31
3556,2.36
3557,2.24
3558,2.96
3559,2.36
3560,
3561,7.4
3562,3.1
3563,6.9
3564,2.36
3565,4.03
3566,6.7
3567,4.15
3568,5.18
3569,
3570,2.36
3571,2.92
3572,2.46
3573,9.6
3574,4.41
3575,2.8
3576,
3577,5.87
3578,2.36
3579,4.33
3580,2.07
3581,2.48
3582,
3583,2.66
3584,
3585,2.36
3586,
3587,6.06
3588,4.23
3589,5.93
3590,5.01
3591,5.71
3592,3.27
3593,5.07
3594,2.36
3595,5.76
3596,2.98
3597,
3598,2.28
3599,4.55
3600,3.55
3601,2.04
3602,5.82
3603,3.3
3604,2.78
3605,4.38
3606,2.04
3607,2.78
3608,5.06
3609,3.4
3610,2.45
3611,
3612,1.94
3613,2.78
3614,2.78
3615,1.81
3616,2.28
3617,3.8
3618,
3619,1.81
3620,3.3
3621,6.2
3622,5.87
3623,3.54
3624,2.78
3625,3.47
3626,2.78
3627,3.03
3628,6.06
3629,4.15
3630,3.96
3631,2.84
3632,5.61
3633,2.45
3634,3.66
3635,4.04
3636,3.77
3637,2.78
3638,2.72
3639,
3640,2.28
3641,3.98
3642,1.81
3643,1.81
3644,2.59
3645,2.88
3646,2.8
3647,2.43
3648,4.61
3649,4.33
3650,3.96
3651,2.33
3652,4.04
3653,4.33
3654,
3655,4.41
3656,2.48
3657,
3658,2.78
3659,1.36
3660,2.92
3661,2.04
3662,1.25
3663,8.58
3664,1.03
3665,1.94
3666,6.37
3667,1.89
3668,2.78
3669,1.94
3670,1.81
3671,5.48
3672,1.36
3673,4.68
3674,2.98
3675,5.0
3676,1.81
3677,
3678,3.05
3679,1.81
3680,4.33
3681,2.3
3682,
3683,
3684,3.12
3685,5.54
3686,2.67
3687,4.39
3688,
3689,4.26
3690,2.48
3691,
3692,2.59
3693,5.0
3694,3.66
3695,2.85
3696,2.36
3697,2.36
3698,1.63
3699,2.0
3700,2.78
3701,
3702,3.4
3703,4.41
3704,2.92
3705,2.78
3706,2.78
3707,
3708,4.11
3709,2.8
3710,4.91
3711,3.8
3712,4.8
3713,3.05
3714,1.21
3715,2.79
3716,2.28
3717,2.15
3718,4.33
3719,1.81
3720,
3721,3.16
3722,
3723,6.41
3724,2.66
3725,2.59
3726,2.38
3727,
3728,3.66
3729,2.36
3730,3.16
3731,4.57
3732,2.95
3733,2.28
3734,1.99
3735,
3736,2.79
3737,2.58
3738,1.15
3739,2.78
3740,4.6
3741,1.97
3742,3.2
3743,3.96
3744,1.34
3745,2.36
3746,5.33
3747,2.17
3748,2.66
3749,2.06
3750,
3751,2.09
3752,9.58
3753,6.42
3754,
3755,2.95
3756,4.02
3757,1.75
3758,2.95
3759,3.79
3760,4.44
3761,5.01
3762,5.29
3763,3.1
3764,3.48
3765,2.82
3766,3.8
3767,6.64
3768,10.0
3769,3.55
3770,3.8
3771,3.4
3772,4.68
3773,3.36
3774,2.95
3775,9.96
3776,4.07
3777,2.78
3778,3.16
3779,2.72
3780,2.17
3781,2.45
3782,
3783,2.64
3784,2.78
3785,2.78
3786,4.23
3787,1.7
3788,4.47
3789,3.2
3790,2.92
3791,2.24
3792,2.59
3793,1.08
3794,1.94
3795,4.42
3796,4.03
3797,3.19
3798,4.23
3799,1.69
3800,6.64
3801,5.22
3802,2.22
3803,3.38
3804,5.01
3805,
3806,3.04
3807,
3808,
3809,
3810,
3811,
3812,
3813,
3814,
3815,
3816,
3817,
3818,
3819,
3820,
3821,
3822,
3823,
3824,
3825,
3826,
3827,
3828,
3829,
3830,
3831,
3832,
3833,
3834,
3835,
3836,
3837,
3838,
3839,
3840,
3841,
3842,
3843,
3844,
3845,
3846,
3847,
3848,
3849,
3850,
3851,
3852,4.63
3853,4.84
3854,3.66
3855,4.28
3856,1.89
3857,4.23
3858,1.81
3859,4.03
3860,2.66
3861,4.84
3862,2.17
3863,2.57
3864,3.47
3865,2.28
3866,3.1
3867,3.12
3868,2.78
3869,2.36
3870,1.76
3871,3.22
3872,4.21
3873,2.31
3874,2.48
3875,5.33
3876,3.36
3877,3.71
3878,2.66
3879,2.78
3880,1.99
3881,2.78
3882,3.69
3883,3.96
3884,6.44
3885,3.1
3886,6.05
3887,2.28
3888,4.15
3889,5.7
3890,1.7
3891,2.78
3892,2.46
3893,2.85
3894,9.29
3895,2.85
3896,5.2
3897,2.78
3898,3.2
3899,4.14
3900,2.36
3901,5.82
3902,2.09
3903,5.01
3904,2.66
3905,2.36
3906,3.27
3907,2.0
3908,2.36
3909,1.7
3910,1.64
3911,1.81
3912,1.38
3913,2.04
3914,1.7
3915,1.3
3916,2.04
3917,
3918,
3919,3.49
3920,7.46
3921,1.64
3922,2.97
3923,4.26
3924,2.78
3925,3.5
3926,2.06
3927,
3928,
3929,1.81
3930,3.14
3931,0.7
3932,3.2
3933,3.17
3934,
3935,1.18
3936,
3937,5.26
3938,
3939,2.66
3940,6.46
3941,2.15
3942,1.73
3943,1.55
3944,2.92
3945,
3946,
3947,1.14
3948,2.78
3949,3.2
3950,2.6
3951,7.72
3952,1.81
3953,2.04
3954,2.96
3955,
3956,4.57
3957,
3958,2.59
3959,4.8
3960,2.98
3961,1.25
3962,
3963,
3964,2.78
3965,2.11
3966,2.78
3967,4.63
3968,9.17
3969,3.1
3970,
3971,3.16
3972,10.95
3973,4.26
3974,7.33
3975,3.49
3976,4.03
3977,2.58
3978,
3979,2.36
3980,3.96
3981,1.83
3982,9.17
3983,3.47
3984,4.68
3985,3.4
3986,2.04
3987,1.25
3988,6.64
3989,1.28
3990,1.9
3991,
3992,3.86
3993,
3994,2.66
3995,
3996,2.59
3997,2.66
3998,1.9
3999,7.33
4000,3.2
4001,3.77
4002,4.69
4003,
4004,1.16
4005,2.92
4006,4.41
4007,1.94
4008,2.98
4009,3.1
4010,8.24
4011,2.22
4012,1.81
4013,4.01
4014,3.2
4015,5.71
4016,3.36
4017,3.95
4018,1.21
4019,1.71
4020,1.08
4021,2.31
4022,4.04
4023,3.71
4024,1.7
4025,2.59
4026,2.06
4027,5.01
4028,3.27
4029,
4030,2.66
4031,3.66
4032,2.11
4033,4.4
4034,1.81
4035,5.22
4036,2.78
4037,2.64
4038,4.31
4039,2.45
4040,4.33
4041,10.43
4042,2.59
4043,2.8
4044,
4045,3.16
4046,3.09
4047,2.59
4048,2.64
4049,4.23
4050,2.31
4051,3.92
4052,7.33
4053,2.93
4054,
4055,3.1
4056,2.8
4057,1.99
4058,4.12
4059,
4060,3.27
4061,6.41
4062,3.4
4063,3.22
4064,2.04
4065,
4066,2.72
4067,1.71
4068,2.92
4069,
4070,5.01
4071,2.36
4072,
4073,
4074,2.45
4075,1.28
4076,1.25
4077,4.04
4078,
4079,
4080,
4081,1.25
4082,
4083,
4084,
4085,6.38
4086,10.06
4087,
4088,2.38
4089,5.01
4090,
4091,4.57
4092,3.8
4093,3.77
4094,2.66
4095,3.3
4096,3.37
4097,4.03
4098,5.91
4099,3.55
4100,
4101,1.21
4102,3.44
4103,3.66
4104,1.81
4105,1.73
4106,2.84
4107,2.09
4108,2.45
4109,6.44
4110,6.95
4111,2.97
4112,
4113,1.25
4114,2.78
4115,3.49
4116,1.99
4117,1.81
4118,3.03
4119,2.86
4120,1.62
4121,2.39
4122,2.28
4123,
4124,4.66
4125,2.79
4126,2.64
4127,2.57
4128,3.8
4129,
4130,6.9
4131,1.97
4132,5.5
4133,3.69
4134,
4135,
4136,5.48
4137,4.4
4138,
4139,5.48
4140,
4141,1.83
4142,2.0
4143,2.95
4144,2.92
4145,5.82
4146,2.17
4147,1.75
4148,2.78
4149,5.34
4150,4.31
4151,3.16
4152,5.29
4153,2.11
4154,2.36
4155,3.92
4156,
4157,3.27
4158,3.05
4159,1.21
4160,4.91
4161,3.88
4162,
4163,
4164,6.06
4165,6.55
4166,2.66
4167,2.27
4168,4.4
4169,6.36
4170,4.44
4171,9.96
4172,2.6
4173,2.58
4174,4.58
4175,2.64
4176,
4177,1.81
4178,6.51
4179,2.48
4180,3.14
4181,3.41
4182,4.69
4183,1.94
4184,2.78
4185,4.84
4186,8.72
4187,4.39
4188,1.84
4189,2.67
4190,4.91
4191,2.04
4192,2.31
4193,1.59
4194,5.18
4195,2.36
4196,1.94
4197,
4198,3.21
4199,3.98
4200,
4201,3.1
4202,2.07
4203,2.36
4204,2.24
4205,1.99
4206,
4207,2.04
4208,
4209,1.81
4210,3.17
4211,3.1
4212,3.98
4213,
4214,
4215,2.49
4216,2.33
4217,1.15
4218,3.88
4219,4.92
4220,3.3
4221,1.7
4222,2.78
4223,2.78
4224,
4225,2.78
4226,5.0
4227,4.95
4228,1.7
4229,3.94
4230,2.59
4231,
4232,9.02
4233,6.63
4234,8.46
4235,3.1
4236,6.06
4237,3.48
4238,
4239,2.24
4240,
4241,2.95
4242,1.36
4243,4.23
4244,1.59
4245,4.66
4246,2.45
4247,2.39
4248,1.14
4249,4.01
4250,
4251,3.04
4252,2.72
4253,
4254,5.0
4255,2.78
4256,
4257,5.01
4258,3.8
4259,4.91
4260,6.86
4261,1.36
4262,2.36
4263,5.93
4264,2.78
4265,1.94
4266,
4267,2.66
4268,2.78
4269,2.59
4270,4.95
4271,
4272,2.17
4273,2.95
4274,3.98
4275,2.06
4276,
4277,3.36
4278,4.23
4279,2.95
4280,2.36
4281,3.4
4282,2.78
4283,7.8
4284,1.08
4285,7.89
4286,4.81
4287,3.16
4288,3.17
4289,2.66
4290,3.55
4291,1.81
4292,1.83
4293,2.38
4294,2.78
4295,9.39
4296,2.48
4297,
4298,1.15
4299,3.14
4300,2.78
4301,2.36
4302,2.36
4303,2.64
4304,1.7
4305,2.84
4306,1.28
4307,3.05
4308,2.04
4309,2.81
4310,3.27
4311,1.36
4312,
4313,
4314,2.88
4315,1.99
4316,7.53
4317,
4318,2.24
4319,2.45
4320,2.62
4321,
4322,
4323,3.62
4324,2.36
4325,3.71
4326,9.05
4327,2.36
4328,8.67
4329,
4330,2.04
4331,2.78
4332,1.25
4333,3.27
4334,10.06
4335,2.36
4336,5.61
4337,2.45
4338,
4339,2.72
4340,4.92
4341,6.15
4342,
4343,3.55
4344,7.53
4345,
4346,2.78
4347,7.35
4348,1.94
4349,6.42
4350,1.75
4351,3.66
4352,3.17
4353,2.17
4354,
4355,3.89
4356,3.1
4357,2.78
4358,2.3
4359,
4360,
4361,3.88
4362,2.88
4363,1.99
4364,
4365,4.68
4366,5.48
4367,2.85
4368,3.94
4369,3.49
4370,4.11
4371,5.18
4372,2.64
4373,4.01
4374,3.1
4375,3.2
4376,2.78
4377,6.44
4378,3.09
4379,5.01
4380,2.22
4381,5.36
4382,2.36
4383,3.2
4384,5.2
4385,10.6
4386,2.58
4387,3.77
4388,3.64
4389,2.79
4390,2.45
4391,4.5
4392,9.17
4393,3.19
4394,2.36
4395,5.15
4396,
4397,2.95
4398,6.37
4399,4.39
4400,
4401,2.88
4402,3.85
4403,4.84
4404,2.38
4405,4.03
4406,3.2
4407,2.68
4408,2.78
4409,3.36
4410,
4411,1.15
4412,2.36
4413,2.78
4414,2.11
4415,1.81
4416,
4417,1.36
4418,4.41
4419,
4420,2.24
4421,1.93
4422,7.74
4423,
4424,3.47
4425,1.72
4426,2.95
4427,9.17
4428,
4429,3.69
4430,2.11
4431,4.14
4432,4.68
4433,
4434,2.64
4435,
4436,9.04
4437,2.36
4438,2.0
4439,4.56
4440,3.66
4441,2.98
4442,2.48
4443,3.75
4444,3.27
4445,2.04
4446,1.27
4447,2.0
4448,
4449,5.0
4450,2.11
4451,3.8
4452,2.78
4453,3.16
4454,9.15
4455,3.66
4456,3.8
4457,2.36
4458,3.16
4459,2.22
4460,2.22
4461,4.28
4462,2.78
4463,
4464,2.8
4465,9.34
4466,2.66
4467,2.78
4468,3.1
4469,2.64
4470,2.15
4471,1.77
4472,3.2
4473,2.97
4474,4.41
4475,2.18
4476,1.67
4477,3.04
4478,2.78
4479,
4480,3.32
4481,2.36
4482,5.36
4483,
4484,1.94
4485,2.88
4486,2.0
4487,3.77
4488,2.78
4489,
4490,2.22
4491,2.48
4492,2.78
4493,2.64
4494,2.06
4495,
4496,2.45
4497,9.17
4498,4.76
4499,1.15
4500,1.48
4501,
4502,2.6
4503,7.82
4504,
4505,3.85
4506,
4507,2.78
4508,4.58
4509,4.23
4510,7.66
4511,2.88
4512,1.72
4513,1.28
4514,4.04
4515,6.42
4516,2.98
4517,2.81
4518,
4519,2.59
4520,2.43
4521,2.56
4522,2.15
4523,2.72
4524,1.15
4525,3.16
4526,1.99
4527,3.36
4528,4.11
4529,
4530,1.94
4531,4.61
4532,2.66
4533,
4534,
4535,3.66
4536,1.28
4537,2.88
4538,
4539,2.28
4540,
4541,3.12
4542,5.0
4543,5.36
4544,3.54
4545,9.17
4546,5.32
4547,1.25
4548,1.7
4549,
4550,2.72
4551,
4552,
4553,1.55
4554,2.92
4555,3.79
4556,2.31
4557,2.85
4558,2.04
4559,3.78
4560,3.1
4561,2.74
4562,
4563,
4564,3.89
4565,1.84
4566,2.49
4567,4.84
4568,2.78
4569,2.95
4570,3.04
4571,3.3
4572,2.79
4573,
4574,4.33
4575,2.28
4576,3.5
4577,2.78
4578,4.68
4579,5.36
4580,2.81
4581,2.28
4582,5.65
4583,2.36
4584,
4585,3.82
4586,1.18
4587,2.45
4588,2.78
4589,3.63
4590,3.36
4591,2.78
4592,8.01
4593,3.16
4594,2.78
4595,
4596,1.94
4597,2.48
4598,2.0
4599,2.3
4600,6.2
4601,2.66
4602,2.25
4603,2.78
4604,3.8
4605,
4606,
4607,2.48
4608,1.25
4609,4.33
4610,2.78
4611,
4612,5.32
4613,2.67
4614,1.54
4615,3.54
4616,
4617,3.57
4618,2.78
4619,4.95
4620,2.36
4621,5.18
4622,3.98
4623,3.21
4624,3.55
4625,3.41
4626,2.04
4627,2.36
4628,
4629,5.36
4630,3.4
4631,5.13
4632,
4633,3.75
4634,2.22
4635,2.72
4636,1.2
4637,1.36
4638,2.78
4639,2.78
4640,3.1
4641,5.9
4642,3.45
4643,8.25
4644,3.55
4645,1.25
4646,
4647,
4648,
4649,
4650,2.36
4651,
4652,
4653,
4654,
4655,1.72
4656,
4657,
4658,
4659,
4660,
4661,2.78
4662,
4663,
4664,
4665,
4666,
4667,
4668,
4669,
4670,
4671,
4672,
4673,
4674,
4675,
4676,
4677,
4678,
4679,
4680,
4681,
4682,
4683,
4684,
4685,
4686,
4687,
4688,
4689,
4690,
4691,
4692,
4693,
4694,
4695,
4696,
4697,
4698,
4699,
4700,
4701,
4702,
4703,
4704,
4705,
4706,
4707,
4708,
4709,
4710,
4711,
4712,
4713,
4714,
4715,
4716,
4717,
4718,
4719,
4720,
4721,
4722,
4723,
4724,
4725,3.16
4726,4.01
4727,
4728,2.78
4729,
4730,
4731,
4732,
4733,
4734,1.97
4735,1.64
4736,1.89
4737,3.19
4738,2.48
4739,2.11
4740,2.6
4741,2.17
4742,5.87
4743,2.79
4744,2.88
4745,2.78
4746,5.49
4747,4.69
4748,1.86
4749,5.22
4750,
4751,3.23
4752,2.48
4753,6.65
4754,4.95
4755,2.72
4756,
4757,5.57
4758,6.07
4759,
4760,4.76
4761,
4762,8.23
4763,1.15
4764,1.15
4765,
4766,7.11
4767,4.95
4768,1.94
4769,
4770,2.78
4771,3.71
4772,4.76
4773,11.15
4774,5.01
4775,1.9
4776,
4777,2.92
4778,2.92
4779,1.64
4780,2.78
4781,2.48
4782,4.76
4783,
4784,1.81
4785,2.92
4786,
4787,5.31
4788,2.6
4789,1.81
4790,2.78
4791,
4792,2.04
4793,2.78
4794,2.36
4795,2.48
4796,1.55
4797,2.78
4798,2.36
4799,3.16
4800,4.28
4801,7.45
4802,
4803,6.77
4804,1.55
4805,2.83
4806,3.71
4807,2.28
4808,2.25
4809,2.88
4810,2.11
4811,1.1
4812,3.71
4813,4.33
4814,2.66
4815,2.06
4816,2.48
4817,2.8
4818,9.96
4819,3.16
4820,6.64
4821,2.78
4822,8.38
4823,2.78
4824,6.85
4825,4.58
4826,2.79
4827,4.39
4828,2.82
4829,1.55
4830,7.89
4831,5.48
4832,4.23
4833,7.35
4834,
4835,
4836,2.06
4837,4.38
4838,6.9
4839,4.38
4840,
4841,3.66
4842,2.37
4843,2.39
4844,4.91
4845,3.89
4846,
4847,2.15
4848,4.38
4849,3.96
4850,2.15
4851,5.87
4852,1.25
4853,2.45
4854,2.04
4855,
4856,2.95
4857,
4858,1.58
4859,
4860,1.77
4861,1.99
4862,
4863,2.11
4864,4.76
4865,4.91
4866,1.36
4867,1.75
4868,4.45
4869,3.62
4870,3.1
4871,3.44
4872,6.09
4873,2.78
4874,2.36
4875,1.55
4876,4.31
4877,3.12
4878,2.6
4879,2.78
4880,2.91
4881,2.74
4882,3.66
4883,7.14
4884,4.03
4885,5.65
4886,7.53
4887,2.3
4888,5.36
4889,2.36
4890,
4891,2.78
4892,4.55
4893,2.78
4894,
4895,1.7
4896,
4897,1.18
4898,3.8
4899,4.33
4900,2.95
4901,4.41
4902,1.81
4903,3.66
4904,2.88
4905,1.81
4906,3.98
4907,1.15
4908,2.45
4909,3.1
4910,1.25
4911,2.79
4912,2.78
4913,2.38
4914,2.82
4915,1.25
4916,9.16
4917,
4918,1.19
4919,4.28
4920,2.45
4921,2.36
4922,3.05
4923,1.34
4924,
4925,2.96
4926,6.42
4927,
4928,3.71
4929,
4930,
4931,2.28
4932,2.66
4933,5.31
4934,4.76
4935,4.66
4936,2.11
4937,5.14
4938,
4939,3.16
4940,2.17
4941,2.36
4942,1.15
4943,4.68
4944,3.19
4945,4.33
4946,1.58
4947,5.43
4948,5.48
4949,1.37
4950,3.36
4951,1.64
4952,2.78
4953,3.96
4954,2.88
4955,2.24
4956,1.36
4957,1.41
4958,2.66
4959,4.84
4960,3.12
4961,2.85
4962,2.17
4963,2.09
4964,5.91
4965,
4966,2.78
4967,2.58
4968,2.36
4969,8.67
4970,2.78
4971,2.78
4972,7.38
4973,
4974,
4975,
4976,2.66
4977,2.78
4978,6.3
4979,2.8
4980,2.36
4981,5.71
4982,2.64
4983,6.89
4984,3.41
4985,2.57
4986,
4987,7.45
4988,1.25
4989,1.25
4990,2.6
4991,2.88
4992,1.64
4993,4.41
4994,3.66
4995,
4996,1.15
4997,
4998,1.25
4999,
5000,2.64
5001,4.26
5002,3.88
5003,2.59
5004,3.38
5005,3.1
5006,2.06
5007,2.78
5008,3.88
5009,2.88
5010,1.81
5011,4.41
5012,1.56
5013,4.76
5014,1.94
5015,2.36
5016,6.44
5017,
5018,1.55
5019,3.3
5020,
5021,2.45
5022,
5023,4.33
5024,4.23
5025,2.48
5026,4.03
5027,5.13
5028,3.1
5029,2.28
5030,2.04
5031,
5032,9.29
5033,
5034,2.32
5035,2.36
5036,3.77
5037,5.22
5038,4.56
5039,
5040,3.48
5041,4.95
5042,
5043,4.11
5044,
5045,2.6
5046,1.94
5047,3.2
5048,2.78
5049,2.78
5050,1.18
5051,
5052,4.15
5053,2.36
5054,5.32
5055,4.03
5056,
5057,4.69
5058,2.98
5059,1.48
5060,4.31
5061,1.64
5062,2.38
5063,4.8
5064,5.46
5065,2.83
5066,2.36
5067,
5068,1.25
5069,3.57
5070,
5071,2.78
5072,2.25
5073,1.62
5074,
5075,1.94
5076,
5077,2.6
5078,1.99
5079,3.17
5080,2.36
5081,1.15
5082,6.06
5083,4.38
5084,2.14
5085,4.33
5086,9.15
5087,3.36
5088,3.98
5089,1.41
5090,2.78
5091,2.45
5092,3.71
5093,2.36
5094,
5095,7.45
5096,2.45
5097,2.45
5098,5.43
5099,3.09
5100,5.9
5101,1.7
5102,5.14
5103,4.43
5104,2.83
5105,2.78
5106,
5107,4.55
5108,4.41
5109,5.01
5110,
5111,2.04
5112,4.07
5113,5.93
5114,2.64
5115,1.15
5116,2.61
5117,1.1
5118,1.81
5119,2.36
5120,1.48
5121,2.78
5122,2.78
5123,2.78
5124,
5125,4.33
5126,4.33
5127,2.11
5128,2.78
5129,
5130,4.23
5131,2.62
5132,
5133,2.78
5134,
5135,2.36
5136,2.52
5137,5.2
5138,1.94
5139,5.15
5140,7.63
5141,
5142,3.41
5143,6.81
5144,2.64
5145,2.09
5146,2.11
5147,2.04
5148,1.77
5149,1.7
5150,2.69
5151,1.81
5152,3.66
5153,4.14
5154,2.18
5155,7.93
5156,1.9
5157,4.31
5158,4.31
5159,
5160,2.78
5161,3.17
5162,7.24
5163,2.97
5164,5.35
5165,2.84
5166,2.66
5167,2.81
5168,2.04
5169,
5170,4.66
5171,6.39
5172,2.36
5173,3.16
5174,2.8
5175,5.01
5176,4.58
5177,3.12
5178,
5179,
5180,2.36
5181,1.15
5182,2.72
5183,6.64
5184,4.35
5185,
5186,6.7
5187,
5188,3.16
5189,2.98
5190,3.66
5191,5.97
5192,3.96
5193,2.78
5194,
5195,1.81
5196,2.78
5197,2.58
5198,5.36
5199,5.32
5200,5.12
5201,3.1
5202,3.88
5203,4.38
5204,4.48
5205,3.04
5206,3.95
5207,2.36
5208,2.48
5209,4.85
5210,2.31
5211,
5212,4.03
5213,1.59
5214,5.85
5215,3.66
5216,1.94
5217,3.16
5218,2.46
5219,2.15
5220,6.05
5221,8.72
5222,3.94
5223,2.78
5224,6.73
5225,3.66
5226,4.23
5227,2.78
5228,2.56
5229,5.18
5230,2.64
5231,
5232,1.72
5233,3.96
5234,
5235,3.41
5236,
5237,5.7
5238,2.96
5239,1.25
5240,6.31
5241,1.94
5242,2.36
5243,2.36
5244,1.2
5245,3.95
5246,2.04
5247,5.18
5248,5.51
5249,4.41
5250,3.79
5251,2.78
5252,5.7
5253,3.8
5254,1.67
5255,3.1
5256,3.85
5257,2.88
5258,3.1
5259,3.21
5260,2.78
5261,3.54
5262,2.78
5263,
5264,2.36
5265,1.41
5266,2.36
5267,2.57
5268,1.81
5269,2.22
5270,
5271,3.71
5272,4.73
5273,
5274,4.02
5275,2.78
5276,5.0
5277,5.01
5278,
5279,9.02
5280,4.31
5281,2.78
5282,2.48
5283,
5284,
5285,4.66
5286,
5287,3.4
5288,7.53
5289,3.22
5290,6.09
5291,2.88
5292,8.38
5293,5.84
5294,3.66
5295,
5296,2.15
5297,4.66
5298,1.64
5299,5.14
5300,3.94
5301,2.91
5302,9.33
5303,2.22
5304,4.92
5305,7.1
5306,9.5
5307,1.94
5308,3.3
5309,2.78
5310,2.72
5311,2.81
5312,6.86
5313,1.58
5314,2.17
5315,4.57
5316,2.72
5317,2.36
5318,3.8
5319,4.41
5320,1.55
5321,3.44
5322,6.89
5323,5.54
5324,
5325,1.25
5326,
5327,2.78
5328,2.36
5329,3.63
5330,3.36
5331,6.7
5332,1.94
5333,6.61
5334,6.61
5335,
5336,3.66
5337,5.73
5338,7.63
5339,6.39
5340,
5341,5.39
5342,3.5
5343,3.16
5344,4.39
5345,3.94
5346,5.61
5347,2.59
5348,2.59
5349,4.39
5350,2.78
5351,
5352,
5353,
5354,9.17
5355,4.01
5356,4.84
5357,2.31
5358,
5359,
5360,4.41
5361,1.15
5362,5.71
5363,4.66
5364,1.14
5365,2.66
5366,3.4
5367,
5368,2.48
5369,1.99
5370,3.96
5371,2.58
5372,3.27
5373,2.22
5374,6.37
5375,4.57
5376,2.24
5377,1.2
5378,4.95
5379,
5380,2.66
5381,3.44
5382,
5383,3.66
5384,
5385,2.92
5386,2.69
5387,2.22
5388,3.66
5389,4.96
5390,1.58
5391,1.89
5392,3.16
5393,2.45
5394,3.66
5395,6.2
5396,1.36
5397,2.78
5398,
5399,2.22
5400,3.69
5401,2.88
5402,2.78
5403,5.36
5404,4.58
5405,1.63
5406,4.57
5407,3.92
5408,2.11
5409,4.85
5410,3.17
5411,5.0
5412,4.95
5413,4.57
5414,3.66
5415,2.15
5416,2.78
5417,3.41
5418,2.78
5419,2.24
5420,4.31
5421,4.91
5422,2.36
5423,
5424,3.96
5425,2.95
5426,4.11
5427,2.45
5428,3.79
5429,2.64
5430,
5431,2.45
5432,3.36
5433,5.87
5434,2.38
5435,4.04
5436,2.78
5437,2.82
5438,6.46
5439,3.05
5440,
5441,3.79
5442,4.33
5443,2.3
5444,4.96
5445,4.81
5446,2.82
5447,8.27
5448,6.9
5449,3.36
5450,4.11
5451,3.16
5452,2.78
5453,7.35
5454,1.81
5455,1.64
5456,6.44
5457,3.89
5458,2.97
5459,2.66
5460,3.69
5461,6.15
5462,2.64
5463,4.44
5464,3.66
5465,4.11
5466,1.93
5467,5.0
5468,6.43
5469,5.23
5470,1.81
5471,
5472,4.01
5473,2.78
5474,2.11
5475,2.78
5476,
5477,
5478,
5479,5.87
5480,2.78
5481,4.03
5482,
5483,2.22
5484,3.16
5485,6.09
5486,
5487,3.96
5488,
5489,1.9
5490,2.22
5491,3.21
5492,3.95
5493,5.22
5494,1.89
5495,3.77
5496,5.2
5497,
5498,2.45
5499,2.6
5500,
5501,4.58
5502,4.35
5503,1.42
5504,6.15
5505,2.04
5506,4.01
5507,2.45
5508,
5509,7.78
5510,3.71
5511,5.66
5512,2.78
5513,6.64
5514,2.95
5515,3.04
5516,5.19
5517,3.36
5518,1.81
5519,2.78
5520,
5521,2.45
5522,1.64
5523,2.6
5524,2.17
5525,1.45
5526,5.18
5527,5.61
5528,2.76
5529,2.36
5530,3.23
5531,1.48
5532,4.03
5533,2.78
5534,2.25
5535,4.03
5536,5.82
5537,
5538,2.27
5539,
5540,3.12
5541,1.76
5542,2.85
5543,3.49
5544,3.5
5545,1.81
5546,2.26
5547,
5548,3.71
5549,9.6
5550,2.22
5551,4.33
5552,4.01
5553,2.28
5554,8.53
5555,1.27
5556,2.22
5557,2.36
5558,3.16
5559,2.88
5560,2.04
5561,2.66
5562,
5563,
5564,5.0
5565,3.94
5566,5.51
5567,
5568,3.12
5569,
5570,2.78
5571,2.22
5572,8.62
5573,3.37
5574,2.36
5575,2.6
5576,3.27
5577,4.44
5578,3.66
5579,2.95
5580,4.57
5581,1.94
5582,
5583,
5584,2.78
5585,
5586,2.78
5587,2.78
5588,3.49
5589,1.81
5590,4.26
5591,
5592,2.36
5593,3.69
5594,2.31
5595,1.99
5596,3.71
5597,4.23
5598,2.78
5599,
5600,1.67
5601,5.18
5602,2.64
5603,
5604,2.15
5605,
5606,3.63
5607,4.11
5608,4.04
5609,3.2
5610,
5611,2.85
5612,2.45
5613,7.74
5614,6.23
5615,1.64
5616,10.45
5617,3.35
5618,2.58
5619,2.0
5620,1.99
5621,4.4
5622,1.42
5623,2.45
5624,7.06
5625,3.16
5626,2.36
5627,4.54
5628,2.04
5629,2.78
5630,4.41
5631,2.09
5632,7.1
5633,2.78
5634,2.96
5635,3.66
5636,3.1
5637,2.45
5638,2.78
5639,5.87
5640,2.64
5641,1.14
5642,1.15
5643,1.25
5644,2.78
5645,4.03
5646,1.94
5647,2.78
5648,1.15
5649,7.72
5650,2.17
5651,3.36
5652,2.88
5653,3.37
5654,3.47
5655,3.45
5656,1.81
5657,5.57
5658,2.36
5659,4.47
5660,
5661,3.57
5662,1.32
5663,3.49
5664,2.92
5665,3.66
5666,4.04
5667,2.6
5668,
5669,9.13
5670,5.82
5671,
5672,2.72
5673,5.57
5674,2.78
5675,
5676,1.94
5677,5.06
5678,2.64
5679,2.04
5680,3.71
5681,9.29
5682,2.36
5683,6.64
5684,7.63
5685,4.58
5686,
5687,1.36
5688,2.22
5689,3.1
5690,
5691,1.81
5692,9.16
5693,2.11
5694,2.36
5695,5.54
5696,
5697,
5698,
5699,2.56
5700,
5701,5.32
5702,2.78
5703,2.72
5704,
5705,1.15
5706,2.64
5707,7.45
5708,3.66
5709,5.18
5710,2.88
5711,2.0
5712,3.5
5713,2.78
5714,5.52
5715,3.3
5716,2.36
5717,
5718,
5719,5.51
5720,7.45
5721,2.85
5722,5.65
5723,1.67
5724,2.62
5725,2.04
5726,2.78
5727,
5728,6.44
5729,4.95
5730,2.15
5731,4.39
5732,
5733,2.36
5734,3.79
5735,6.43
5736,2.36
5737,3.37
5738,1.08
5739,3.96
5740,2.6
5741,3.4
5742,3.36
5743,
5744,5.14
5745,3.66
5746,7.58
5747,2.48
5748,1.93
5749,3.66
5750,2.22
5751,3.3
5752,1.36
5753,2.36
5754,2.6
5755,5.73
5756,3.69
5757,5.54
5758,2.38
5759,2.83
5760,1.15
5761,3.66
5762,3.98
5763,4.57
5764,4.95
5765,3.94
5766,7.36
5767,3.55
5768,2.48
5769,6.16
5770,8.11
5771,4.58
5772,2.1
5773,3.66
5774,
5775,4.22
5776,2.15
5777,2.98
5778,2.81
5779,
5780,
5781,
5782,
5783,
5784,
5785,
5786,
5787,
5788,
5789,
5790,
5791,
5792,
5793,
5794,
5795,
5796,
5797,
5798,
5799,
5800,
5801,
5802,
5803,
5804,
5805,
5806,
5807,
5808,
5809,
5810,
5811,
5812,
5813,
5814,
5815,
5816,
5817,
5818,
5819,
5820,
5821,
5822,
5823,
5824,3.66
5825,6.45
5826,9.07
5827,1.28
5828,2.62
5829,
5830,5.18
5831,5.55
5832,4.92
5833,3.1
5834,4.33
5835,2.09
5836,4.33
5837,2.33
5838,
5839,4.03
5840,2.88
5841,4.51
5842,
5843,5.85
5844,5.09
5845,3.71
5846,3.12
5847,3.14
5848,2.78
5849,3.17
5850,3.71
5851,2.36
5852,1.08
5853,4.33
5854,4.44
5855,2.36
5856,10.8
5857,3.4
5858,4.31
5859,3.3
5860,2.78
5861,2.24
5862,
5863,4.61
5864,3.79
5865,3.79
5866,2.78
5867,
5868,5.61
5869,7.73
5870,2.78
5871,1.7
5872,6.42
5873,3.8
5874,4.95
5875,2.48
5876,1.1
5877,1.75
5878,1.46
5879,
5880,7.33
5881,4.15
5882,1.48
5883,3.34
5884,
5885,2.45
5886,
5887,3.12
5888,5.73
5889,2.78
5890,9.17
5891,
5892,2.66
5893,2.09
5894,3.55
5895,4.05
5896,
5897,6.89
5898,3.66
5899,6.38
5900,7.12
5901,2.57
5902,4.4
5903,2.31
5904,2.78
5905,5.68
5906,2.91
5907,3.66
5908,1.9
5909,6.73
5910,
5911,1.75
5912,
5913,3.88
5914,2.36
5915,3.12
5916,2.59
5917,3.89
5918,4.39
5919,
5920,4.51
5921,9.97
5922,3.16
5923,2.78
5924,
5925,5.0
5926,3.66
5927,3.5
5928,2.83
5929,
5930,1.94
5931,1.76
5932,4.39
5933,2.64
5934,5.32
5935,3.77
5936,1.08
5937,
5938,2.22
5939,9.17
5940,1.94
5941,2.78
5942,2.11
5943,5.32
5944,5.63
5945,2.15
5946,2.04
5947,2.78
5948,2.58
5949,2.67
5950,2.17
5951,4.11
5952,
5953,2.88
5954,2.04
5955,3.5
5956,4.21
5957,8.16
5958,3.54
5959,2.36
5960,1.9
5961,9.81
5962,2.78
5963,1.25
5964,3.66
5965,2.06
5966,5.18
5967,6.86
5968,7.33
5969,3.5
5970,2.6
5971,5.48
5972,
5973,2.36
5974,7.46
5975,2.48
5976,
5977,
5978,4.38
5979,5.7
5980,5.48
5981,3.36
5982,2.04
5983,5.54
5984,5.7
5985,5.57
5986,
5987,
5988,
5989,3.66
5990,
5991,2.78
5992,2.06
5993,6.05
5994,
5995,2.79
5996,2.15
5997,4.76
5998,2.33
5999,2.65
6000,4.33
6001,2.64
6002,
6003,4.45
6004,1.64
6005,5.85
6006,
6007,6.43
6008,2.95
6009,1.81
6010,2.92
6011,2.64
6012,4.31
6013,3.96
6014,3.66
6015,5.49
6016,3.63
6017,2.78
6018,
6019,3.1
6020,4.91
6021,3.41
6022,6.29
6023,
6024,
6025,1.15
6026,4.23
6027,2.78
6028,3.66
6029,
6030,7.45
6031,3.16
6032,6.42
6033,2.48
6034,1.94
6035,2.04
6036,4.28
6037,6.42
6038,
6039,2.45
6040,2.95
6041,5.54
6042,2.46
6043,9.58
6044,
6045,2.95
6046,2.24
6047,8.62
6048,2.78
6049,2.45
6050,2.78
6051,1.94
6052,5.68
6053,2.04
6054,9.17
6055,2.15
6056,4.76
6057,1.92
6058,
6059,2.15
6060,1.8
6061,3.4
6062,1.55
6063,6.42
6064,2.78
6065,1.64
6066,
6067,3.16
6068,4.33
6069,4.76
6070,3.71
6071,3.57
6072,2.15
6073,3.96
6074,2.62
6075,1.97
6076,5.46
6077,1.25
6078,3.14
6079,7.35
6080,2.33
6081,2.67
6082,3.55
6083,2.36
6084,3.37
6085,3.66
6086,2.04
6087,2.15
6088,3.71
6089,
6090,0.66
6091,3.69
6092,4.04
6093,9.17
6094,2.04
6095,1.89
6096,
6097,5.29
6098,2.59
6099,
6100,4.74
6101,4.11
6102,4.92
6103,3.09
6104,
6105,1.7
6106,5.01
6107,2.09
6108,2.95
6109,2.36
6110,8.75
6111,1.94
6112,6.94
6113,4.33
6114,3.19
6115,4.36
6116,4.62
6117,3.95
6118,6.64
6119,5.0
6120,1.94
6121,
6122,4.31
6123,4.03
6124,2.11
6125,2.24
6126,
6127,1.72
6128,3.66
6129,
6130,3.36
6131,3.4
6132,2.63
6133,
6134,2.04
6135,3.05
6136,
6137,1.91
6138,2.22
6139,7.82
6140,2.43
6141,3.98
6142,4.41
6143,5.88
6144,6.86
6145,2.17
6146,4.15
6147,2.04
6148,
6149,4.44
6150,2.36
6151,4.14
6152,
6153,
6154,1.7
6155,
6156,5.05
6157,3.66
6158,5.2
6159,5.29
6160,2.36
6161,6.45
6162,2.94
6163,2.22
6164,8.25
6165,2.78
6166,3.1
6167,4.03
6168,
6169,
6170,2.72
6171,12.31
6172,1.64
6173,1.08
6174,2.45
6175,2.64
6176,2.78
6177,
6178,2.38
6179,
6180,3.96
6181,0.79
6182,3.03
6183,6.44
6184,0.91
6185,1.64
6186,3.1
6187,
6188,6.15
6189,
6190,2.78
6191,1.53
6192,2.88
6193,6.44
6194,
6195,2.28
6196,
6197,3.19
6198,6.65
6199,5.31
6200,1.14
6201,5.76
6202,4.55
6203,3.1
6204,
6205,4.23
6206,1.08
6207,2.78
6208,4.84
6209,3.1
6210,1.9
6211,8.38
6212,3.2
6213,
6214,2.78
6215,1.81
6216,3.3
6217,2.78
6218,1.7
6219,2.78
6220,10.43
6221,1.67
6222,
6223,6.23
6224,2.78
6225,2.09
6226,5.54
6227,9.53
6228,2.57
6229,3.05
6230,4.33
6231,
6232,2.36
6233,2.62
6234,2.92
6235,6.37
6236,1.67
6237,4.88
6238,2.25
6239,2.48
6240,3.04
6241,1.94
6242,4.57
6243,
6244,2.36
6245,4.41
6246,1.81
6247,4.84
6248,2.11
6249,
6250,8.01
6251,1.25
6252,1.55
6253,2.6
6254,1.75
6255,1.19
6256,
6257,1.64
6258,2.36
6259,1.99
6260,1.89
6261,2.85
6262,1.64
6263,1.7
6264,2.83
6265,4.55
6266,2.28
6267,2.78
6268,2.8
6269,
6270,4.03
6271,4.57
6272,2.22
6273,
6274,3.16
6275,
6276,5.93
6277,2.38
6278,8.08
6279,
6280,9.14
6281,
6282,2.22
6283,3.96
6284,6.9
6285,6.44
6286,2.48
6287,2.79
6288,4.84
6289,3.66
6290,
6291,7.1
6292,
6293,5.61
6294,7.46
6295,2.66
6296,2.62
6297,2.04
6298,2.22
6299,
6300,2.64
6301,4.84
6302,4.01
6303,3.14
6304,3.92
6305,2.84
6306,3.96
6307,2.85
6308,3.89
6309,2.92
6310,4.58
6311,4.76
6312,1.69
6313,2.11
6314,3.37
6315,2.95
6316,2.78
6317,2.78
6318,2.78
6319,3.8
6320,1.48
6321,8.53
6322,3.57
6323,5.01
6324,2.78
6325,2.36
6326,3.92
6327,2.72
6328,1.7
6329,1.25
6330,4.4
6331,2.84
6332,6.87
6333,3.45
6334,3.98
6335,4.55
6336,3.37
6337,7.48
6338,1.51
6339,
6340,6.2
6341,
6342,3.63
6343,2.78
6344,
6345,2.04
6346,2.61
6347,8.01
6348,2.84
6349,2.64
6350,3.41
6351,3.16
6352,
6353,3.41
6354,1.89
6355,5.51
6356,2.78
6357,1.48
6358,4.05
6359,2.96
6360,1.81
6361,
6362,4.56
6363,5.84
6364,
6365,2.78
6366,4.33
6367,
6368,4.51
6369,
6370,2.07
6371,3.23
6372,5.36
6373,1.81
6374,4.4
6375,1.9
6376,3.1
6377,4.91
6378,
6379,3.2
6380,6.07
6381,1.25
6382,4.84
6383,
6384,3.66
6385,4.11
6386,2.36
6387,4.26
6388,1.77
6389,2.82
6390,5.51
6391,3.79
6392,3.49
6393,8.62
6394,6.55
6395,3.94
6396,4.55
6397,2.57
6398,2.78
6399,1.94
6400,3.57
6401,3.78
6402,2.64
6403,4.12
6404,3.12
6405,2.78
6406,2.06
6407,2.78
6408,
6409,4.91
6410,5.61
6411,2.78
6412,4.23
6413,
6414,3.04
6415,
6416,6.28
6417,4.66
6418,1.64
6419,1.36
6420,6.42
6421,2.59
6422,1.94
6423,3.8
6424,3.38
6425,
6426,2.85
6427,
6428,2.78
6429,
6430,5.36
6431,2.88
6432,4.41
6433,
6434,1.19
6435,2.04
6436,
6437,
6438,4.33
6439,2.82
6440,2.82
6441,4.26
6442,2.94
6443,7.53
6444,
6445,4.28
6446,2.15
6447,4.33
6448,4.86
6449,3.16
6450,2.38
6451,3.16
6452,5.87
6453,3.63
6454,1.08
6455,3.88
6456,
6457,3.36
6458,6.15
6459,6.2
6460,3.54
6461,3.2
6462,5.7
6463,2.64
6464,3.77
6465,2.36
6466,2.78
6467,4.03
6468,2.11
6469,2.97
6470,
6471,
6472,5.93
6473,1.72
6474,5.01
6475,1.19
6476,1.21
6477,3.86
6478,3.3
6479,4.41
6480,
6481,
6482,2.81
6483,6.05
6484,2.09
6485,3.27
6486,2.78
6487,2.57
6488,2.66
6489,2.72
6490,3.8
6491,2.22
6492,
6493,1.84
6494,2.31
6495,
6496,3.16
6497,
6498,
6499,2.78
6500,2.36
6501,4.58
6502,1.81
6503,3.98
6504,
6505,6.73
6506,2.06
6507,1.15
6508,2.09
6509,
6510,
6511,4.41
6512,2.78
6513,2.36
6514,
6515,3.3
6516,2.15
6517,4.57
6518,3.1
6519,2.09
6520,
6521,4.15
6522,6.05
6523,2.66
6524,4.26
6525,4.23
6526,8.72
6527,2.31
6528,4.31
6529,3.36
6530,2.78
6531,1.7
6532,3.66
6533,6.2
6534,4.43
6535,3.04
6536,2.57
6537,4.84
6538,2.45
6539,1.94
6540,2.48
6541,2.48
6542,4.01
6543,5.93
6544,2.78
6545,
6546,2.66
6547,2.92
6548,2.97
6549,2.31
6550,7.24
6551,0.81
6552,3.66
6553,2.18
6554,2.68
6555,4.03
6556,2.78
6557,5.82
6558,4.26
6559,
6560,4.04
6561,5.54
6562,4.61
6563,1.25
6564,2.61
6565,2.25
6566,2.31
6567,6.41
6568,1.9
6569,3.21
6570,1.42
6571,1.41
6572,3.77
6573,2.78
6574,
6575,3.05
6576,2.78
6577,2.36
6578,2.36
6579,
6580,
6581,3.36
6582,2.78
6583,4.41
6584,4.76
6585,3.05
6586,2.64
6587,3.66
6588,4.91
6589,5.3
6590,1.9
6591,3.16
6592,2.04
6593,5.18
6594,4.41
6595,9.55
6596,3.66
6597,1.7
6598,3.86
6599,
6600,1.86
6601,
6602,5.61
6603,2.56
6604,3.4
6605,
6606,4.01
6607,2.04
6608,4.23
6609,1.99
6610,
6611,1.19
6612,3.66
6613,3.34
6614,3.98
6615,2.36
6616,2.36
6617,3.63
6618,9.58
6619,
6620,4.8
6621,3.66
6622,2.78
6623,2.64
6624,1.11
6625,2.11
6626,
6627,1.48
6628,8.53
6629,2.97
6630,2.45
6631,5.5
6632,2.78
6633,2.56
6634,2.36
6635,3.16
6636,4.44
6637,1.94
6638,4.95
6639,5.29
6640,
6641,3.16
6642,5.54
6643,2.95
6644,
6645,
6646,3.98
6647,2.78
6648,1.83
6649,5.22
6650,3.37
6651,2.48
6652,
6653,2.31
6654,2.46
6655,3.17
6656,3.05
6657,4.73
6658,5.22
6659,2.6
6660,2.26
6661,2.78
6662,1.9
6663,
6664,1.64
6665,2.88
6666,5.2
6667,
6668,
6669,3.31
6670,2.48
6671,2.78
6672,7.1
6673,1.15
6674,1.36
6675,3.3
6676,2.85
6677,1.28
6678,3.36
6679,4.23
6680,4.55
6681,7.36
6682,4.15
6683,3.8
6684,3.94
6685,2.88
6686,5.87
6687,6.42
6688,2.31
6689,5.82
6690,3.23
6691,1.27
6692,2.04
6693,2.36
6694,3.4
6695,3.78
6696,2.32
6697,2.68
6698,
6699,9.41
6700,3.36
6701,3.8
6702,2.64
6703,4.96
6704,2.11
6705,2.69
6706,2.2
6707,
6708,1.21
6709,3.12
6710,1.38
6711,3.1
6712,3.63
6713,6.42
6714,2.95
6715,4.23
6716,4.66
6717,4.84
6718,
6719,2.67
6720,
6721,2.22
6722,
6723,3.92
6724,4.76
6725,1.66
